{
  "estado": "ES",
  "orgaos": [
    "rim"
  ],
  "insercoes_por_orgao": 64,
  "calls_por_orgao": 64,
  "tempo_total_seg": 191.891,
  "total_transacoes": 128,
  "throughput_tx_s": 0.667,
  "latencia_media_insert_ms_por_orgao": {
    "rim": 1286.2483156249218
  },
  "latencia_desvio_padrao_insert_ms_por_orgao": {
    "rim": 131.12679191616084
  },
  "latencia_media_call_ms_por_orgao": {
    "rim": 1704.186082812521
  },
  "latencia_desvio_padrao_call_ms_por_orgao": {
    "rim": 124.82989341795903
  },
  "latencia_media_total_ms_por_orgao": {
    "rim": 1495.2171992187214
  },
  "latencia_desvio_padrao_total_ms_por_orgao": {
    "rim": 245.06399824315395
  },
  "latencia_media_total_ms_global": 1495.2171992187214,
  "latencia_desvio_padrao_total_ms_global": 245.06399824315395,
  "create_latencias_ms_por_orgao": {
    "rim": [
      null
    ]
  },
  "insert_latencias_ms_por_orgao": {
    "rim": [
      1660.2529999995604,
      1009.8295999998227,
      1181.976200000383,
      1107.4518999997526,
      1186.299599999562,
      1155.968299999833,
      1392.184299999848,
      1149.8272000001743,
      1153.841000000015,
      1119.3948999997228,
      1147.5521999998018,
      1211.2654999997467,
      1061.029099999927,
      1182.2135000005364,
      1326.9024000000209,
      1113.9799999995157,
      1189.6725000003353,
      1170.1485000001267,
      1108.6101999999955,
      1200.3838999997824,
      1276.337799999863,
      1199.2560000000522,
      1134.4916999991983,
      1176.0600999994203,
      1238.5558000002056,
      1181.1052999999374,
      1166.2550999997184,
      1190.2449000002816,
      1222.5318999998271,
      1227.4249999998137,
      1226.3278999999166,
      1250.0862000007182,
      1319.9405000004917,
      1261.6041999999434,
      1248.176600000821,
      1238.1496000001207,
      1265.0389999998733,
      1322.4097999995574,
      1317.2746999999508,
      1366.3872000006959,
      1383.5225999997929,
      1261.2514000004157,
      1340.9573999997228,
      1298.3537999996915,
      1294.1412000004202,
      1313.8475999999791,
      1430.0521999998018,
      1333.7273999992758,
      1380.2335000000894,
      1334.8832999998704,
      1413.1318999994546,
      1389.1515999995172,
      1393.8618000000715,
      1491.2989999996498,
      1436.5869999993593,
      1412.8352999994531,
      1392.2200000006706,
      1429.1548999994993,
      1551.864899999462,
      1452.1628999998793,
      1453.9242000002414,
      1498.2242000000551,
      1507.3651000000536,
      1470.6958999997005
    ]
  },
  "call_latencias_ms_por_orgao": {
    "rim": [
      1480.7394000003114,
      1474.984200000763,
      1494.1213999995962,
      1503.713399999775,
      1532.158999999985,
      1519.3548999996856,
      1574.715599999763,
      1630.6025000000373,
      1584.4701000005007,
      1547.610599999316,
      1550.626000000164,
      1564.155100000091,
      1561.6421999996528,
      1572.5541000002995,
      1598.316200000234,
      1635.74459999986,
      1619.9024000000209,
      1609.0624000001699,
      1602.8884999994189,
      1648.002100000158,
      1607.4888000003994,
      1607.4613000005484,
      1650.6299000000581,
      1694.0363000007346,
      1651.3914999999106,
      1644.4640000006184,
      1677.4101999998093,
      1671.1973999999464,
      1671.109800000675,
      1683.8741999994963,
      1662.7956999996677,
      1672.3407000005245,
      1681.5801999997348,
      1687.0742999995127,
      1699.4614000003785,
      1737.7322000004351,
      1793.7870999993756,
      1755.0252000000328,
      1828.4828000003472,
      1731.6803000001237,
      1749.3980000000447,
      1758.3494999995455,
      1771.6252000005916,
      1779.9193000001833,
      1739.254800000228,
      1754.031200000085,
      1796.2490999996662,
      1788.718700000085,
      1880.8214999996126,
      1806.5132999997586,
      1781.5401999996975,
      1787.0794000001624,
      1845.376000000164,
      1870.7620999999344,
      1838.1288999998942,
      1919.051100000739,
      1838.6479000002146,
      1826.8671000003815,
      1850.8983999993652,
      1953.772199999541,
      2019.1749999998137,
      1841.7627999996766,
      1865.5513000003994,
      1890.0282999994233
    ]
  },
  "erros": []
}