{
  "estado": "ES",
  "orgaos": [
    "rim"
  ],
  "transacoes_por_orgao": 64,
  "tempo_total_seg": 28.706,
  "total_transacoes": 65,
  "throughput_tx_s": 2.264,
  "latencia_media_transfer_ms_por_orgao": {
    "rim": 443.62169843778247
  },
  "create_latencias_ms_por_orgao": {
    "rim": [
      209.2009999975562
    ]
  },
  "transfer_latencias_ms_por_orgao": {
    "rim": [
      269.1254000030458,
      259.55000000074506,
      270.9703999981284,
      264.6251000016928,
      276.8995999991894,
      284.2228999994695,
      289.6549999974668,
      291.85669999942183,
      305.4277999997139,
      315.32079999893904,
      305.21930000185966,
      303.5313000008464,
      332.6203000023961,
      303.44480000063777,
      323.74210000038147,
      384.3062000013888,
      399.64420000091195,
      400.5148000009358,
      364.339999999851,
      347.7243000008166,
      368.4891000017524,
      425.22580000013113,
      396.0877000018954,
      424.6583999991417,
      444.31899999827147,
      375.9523000009358,
      412.08330000191927,
      416.0778000019491,
      427.8391999974847,
      484.0235000029206,
      447.8995000012219,
      411.9169000014663,
      421.2013999968767,
      417.4881999976933,
      408.1398999989033,
      460.6017999984324,
      424.13709999993443,
      419.132500000298,
      446.2087000012398,
      464.5485000014305,
      436.45250000059605,
      467.027800001204,
      461.4261000007391,
      487.30599999800324,
      492.7089999988675,
      567.2812000028789,
      564.8748999983072,
      532.4067000001669,
      512.019200000912,
      545.5236000008881,
      517.463899999857,
      608.7369000017643,
      621.3174999989569,
      568.8759999983013,
      540.8106999993324,
      610.5153000019491,
      570.0240000002086,
      581.6020999997854,
      659.8200999982655,
      686.3140000030398,
      695.8443000018597,
      541.3626000024378,
      672.1167999990284,
      661.1858999989927
    ]
  },
  "erros": []
}