{
  "estado": "ES",
  "orgaos": [
    "rim",
    "figado"
  ],
  "insercoes_por_orgao": 64,
  "calls_por_orgao": 64,
  "tempo_total_seg": 313.125,
  "total_transacoes": 256,
  "throughput_tx_s": 0.818,
  "latencia_media_insert_ms_por_orgao": {
    "rim": 2260.9919265625213,
    "figado": 945.4834156249417
  },
  "latencia_desvio_padrao_insert_ms_por_orgao": {
    "rim": 180.55600321619087,
    "figado": 148.68973513111666
  },
  "latencia_media_call_ms_por_orgao": {
    "rim": 2616.6499890625128,
    "figado": 1320.771884375048
  },
  "latencia_desvio_padrao_call_ms_por_orgao": {
    "rim": 142.5803136192332,
    "figado": 149.04746926085508
  },
  "latencia_media_total_ms_por_orgao": {
    "rim": 2438.820957812517,
    "figado": 1133.127649999995
  },
  "latencia_desvio_padrao_total_ms_por_orgao": {
    "rim": 241.01446516732975,
    "figado": 239.52505381987385
  },
  "latencia_media_total_ms_global": 1785.974303906256,
  "latencia_desvio_padrao_total_ms_global": 695.6571464667458,
  "create_latencias_ms_por_orgao": {
    "figado": [
      null
    ],
    "rim": [
      null
    ]
  },
  "insert_latencias_ms_por_orgao": {
    "figado": [
      856.2346000000834,
      711.3684999998659,
      725.0344000002369,
      973.3350999997929,
      932.4273999994621,
      705.4831999996677,
      709.6383999995887,
      645.8361999997869,
      804.3519000001252,
      779.0093999998644,
      804.7595999995247,
      758.4952999996021,
      934.5630999999121,
      797.6878999993205,
      751.259100000374,
      798.4230000004172,
      776.1184000000358,
      912.0230999998748,
      844.7595999995247,
      818.5690999999642,
      864.81780000031,
      837.0041000004858,
      888.6365999998525,
      894.2684000004083,
      868.218200000003,
      863.5701000001281,
      910.5598999997601,
      807.624499999918,
      779.2620999999344,
      1104.9857000000775,
      863.5394000001252,
      937.7066999999806,
      895.3158999998122,
      811.8641999997199,
      836.1454999996349,
      873.2253999998793,
      998.125500000082,
      1127.9764000000432,
      1002.8194000003859,
      1132.6469999998808,
      1028.0413000006229,
      1159.471400000155,
      1031.1199000002816,
      1126.327000000514,
      1006.12229999993,
      1129.5718000000343,
      1003.0863999994472,
      1138.985599999316,
      1037.0504999998957,
      1094.2862999998033,
      993.5138999996707,
      1118.109499999322,
      983.4078999999911,
      1187.0230000000447,
      1035.5950000006706,
      1142.2933999998495,
      1003.2023000000045,
      1240.517299999483,
      1133.7243999997154,
      1094.0383000001311,
      1011.0776000004262,
      1188.8459999999031,
      1126.0993999997154,
      1161.7379999998957
    ],
    "rim": [
      2039.0363000007346,
      1976.8966000005603,
      1968.155799999833,
      2050.5816999999806,
      2107.457999999635,
      2035.44290000014,
      2021.805599999614,
      2106.3034000005573,
      2133.2448000004515,
      2086.4648000001907,
      2040.330899999477,
      2068.1105000004172,
      2071.3159999996424,
      2055.417600000277,
      2140.3142999997362,
      2140.6925000008196,
      2082.8283000001684,
      2228.541499999352,
      2127.6938999993727,
      2133.628200000152,
      2127.973699999973,
      2099.145499999635,
      2147.069900000468,
      2145.3569000000134,
      2153.05439999979,
      2282.495099999942,
      2251.1127000004053,
      2187.6916999993846,
      2288.574100000784,
      2212.3433999996632,
      2150.8983000004664,
      2204.7508000005037,
      2160.564100000076,
      2123.95630000066,
      2241.5968999993056,
      2278.542599999346,
      2457.9462999999523,
      2241.4506000000983,
      2253.8025000002235,
      2411.230500000529,
      2281.343200000003,
      2291.513999999501,
      2300.0545000005513,
      2372.563000000082,
      2311.63300000038,
      2248.6765999998897,
      2471.734399999492,
      2570.837799999863,
      2387.425000000745,
      2332.06259999983,
      2386.494099999778,
      2481.4862000001594,
      2376.5158000001684,
      2471.5713999997824,
      2466.8634999999776,
      2405.6776000000536,
      2664.3570999996737,
      2514.2778000002727,
      2590.752299999818,
      2483.651999999769,
      2712.495799999684,
      2447.0564000001177,
      2623.1506999991834,
      2477.468600000255
    ]
  },
  "call_latencias_ms_por_orgao": {
    "figado": [
      1109.5006999997422,
      1133.2767000002787,
      1011.4462999999523,
      1175.4431999996305,
      1115.6358000002801,
      1328.2549999998882,
      1183.1768000004813,
      1155.841000000015,
      1071.533400000073,
      1246.912100000307,
      1076.8596999999136,
      1196.257400000468,
      1319.8995000002906,
      1305.8211999991909,
      1140.0173000004143,
      1282.0252000000328,
      1163.9377000005916,
      1125.5776000004262,
      1187.4407999999821,
      1178.147099999711,
      1428.5349000003189,
      1323.1001999992877,
      1183.9889000002295,
      1203.57060000021,
      1240.1051000002772,
      1256.6154000004753,
      1559.83120000083,
      1346.8212000001222,
      1378.726200000383,
      1224.4128000000492,
      1202.3536999998614,
      1267.2407999997959,
      1244.0394000001252,
      1242.6680999994278,
      1223.9146999996156,
      1451.4605999998748,
      1452.7071000002325,
      1357.217699999921,
      1481.2327999994159,
      1280.7638999996707,
      1283.534400000237,
      1240.1584999999031,
      1325.5590999992564,
      1435.890000000596,
      1594.05189999938,
      1451.625500000082,
      1413.1905000004917,
      1452.2589999996126,
      1388.8138000005856,
      1499.589499999769,
      1342.4512999998406,
      1427.6162999998778,
      1518.8607000000775,
      1398.004300000146,
      1430.2107000006363,
      1431.2358999997377,
      1702.8601000001654,
      1587.1883000005037,
      1552.8580999998376,
      1358.625,
      1351.9955000001937,
      1523.9928999999538,
      1551.321100000292,
      1411.1984000001103
    ],
    "rim": [
      2314.18740000017,
      2320.924400000833,
      2347.039900000207,
      2373.2562999995425,
      2350.688599999994,
      2341.3300999999046,
      2503.567300000228,
      2599.4360999995843,
      2688.544700000435,
      2507.678499999456,
      2507.828799999319,
      2447.6096000000834,
      2463.400799999945,
      2684.6030999999493,
      2832.9232999999076,
      2524.7088000001386,
      2522.3629000000656,
      2513.024199999869,
      2546.5052999993786,
      2616.683399999514,
      2533.787700000219,
      2525.4356000004336,
      2472.302899999544,
      2669.7454999992624,
      2512.3878999995068,
      2548.8951000003144,
      2519.94000000041,
      2598.164800000377,
      2544.0465000001714,
      2585.5902999993414,
      2681.6133000003174,
      2634.8985000001267,
      2580.5163000002503,
      2752.8892999999225,
      2588.4054000005126,
      2618.701499999501,
      2592.2938999999315,
      2655.338999999687,
      2626.030600000173,
      2595.1613000007346,
      2601.8042999999598,
      2676.5967000005767,
      2613.469899999909,
      2637.452599999495,
      2692.652999999933,
      2668.745099999942,
      2739.077600000426,
      2681.416500000283,
      2694.438099999912,
      2674.3941000001505,
      2718.3958000000566,
      2676.7955999998376,
      2683.6984000001103,
      2721.453099999577,
      3050.900999999605,
      2912.4873999999836,
      2698.596499999985,
      2771.7831000005826,
      2764.623900000006,
      2767.242399999872,
      2740.6348000001162,
      2750.974799999967,
      2774.699100000784,
      2910.816600000486
    ]
  },
  "erros": []
}