{
  "estado": "ES",
  "orgaos": [
    "rim",
    "figado",
    "coracao",
    "pulmao"
  ],
  "insercoes_por_orgao": 64,
  "calls_por_orgao": 64,
  "tempo_total_seg": 447.852,
  "total_transacoes": 514,
  "throughput_tx_s": 1.148,
  "insert_media_ms_por_orgao": {
    "rim": 3455.3346140623908,
    "figado": 1898.455593749939,
    "coracao": 615.5646796875808,
    "pulmao": 599.6307531250059
  },
  "insert_desvio_ms_por_orgao": {
    "rim": 258.6452449085841,
    "figado": 245.33030274184358,
    "coracao": 137.86076845881587,
    "pulmao": 144.53036344091598
  },
  "call_media_ms_por_orgao": {
    "rim": 3517.9184859374946,
    "figado": 2124.067078125081,
    "coracao": 1031.7053296876256,
    "pulmao": 1030.1655874999706
  },
  "call_desvio_ms_por_orgao": {
    "rim": 165.2750229682877,
    "figado": 184.74672837232126,
    "coracao": 171.16859525095347,
    "pulmao": 173.0583193248029
  },
  "total_media_ms_por_orgao": {
    "rim": 3486.6265499999427,
    "figado": 2011.26133593751,
    "coracao": 823.6350046876032,
    "pulmao": 814.8981703124882
  },
  "total_desvio_ms_por_orgao": {
    "rim": 219.28470813126626,
    "figado": 244.71267031833307,
    "coracao": 259.7025219086926,
    "pulmao": 267.87901154161733
  },
  "total_media_ms_global": 1784.105265234386,
  "total_desvio_ms_global": 1124.6353585411123,
  "create_latencias_ms_por_orgao": {
    "pulmao": [
      184.69820000045002
    ],
    "coracao": [
      333.1192999985069
    ],
    "figado": [
      null
    ],
    "rim": [
      null
    ]
  },
  "insert_latencias_ms_por_orgao": {
    "pulmao": [
      414.197100000456,
      352.5669999998063,
      477.7467000000179,
      380.1725999992341,
      427.35359999909997,
      300.56399999931455,
      512.986400000751,
      499.8959000017494,
      360.45710000023246,
      455.3513999991119,
      560.9653999991715,
      511.8277000002563,
      410.06759999878705,
      513.380600001663,
      505.24430000036955,
      455.55019999854267,
      468.01660000160336,
      595.4706999994814,
      567.2011999990791,
      529.8829999994487,
      428.12380000017583,
      708.2290000002831,
      549.5086000002921,
      444.08969999849796,
      577.4133999999613,
      546.0639999993145,
      480.84029999934137,
      613.8815000001341,
      489.41330000013113,
      487.7739000003785,
      768.1673000007868,
      563.406799999997,
      542.3530000001192,
      610.607899999246,
      575.3415999989957,
      571.2465000003576,
      682.3259000014514,
      516.0679000001401,
      780.9107000008225,
      545.6347000002861,
      580.3026999998838,
      706.5890999995172,
      610.9587999992073,
      755.1669999994338,
      667.8106999993324,
      669.7759000007063,
      927.0276999995112,
      591.1376999989152,
      816.2081000003964,
      580.628200000152,
      634.4732000008225,
      828.0570999998599,
      667.0398000013083,
      746.8343000002205,
      649.3818999994546,
      795.4085000008345,
      865.3030000012368,
      787.4085000008345,
      811.346400000155,
      693.2063999995589,
      746.335699999705,
      769.4648000001907,
      919.13030000031,
      777.0734999999404
    ],
    "coracao": [
      370.992800001055,
      371.46529999934137,
      456.7235999982804,
      443.61549999937415,
      355.0701999999583,
      568.8279999997467,
      656.3874999992549,
      496.53760000132024,
      616.3408000003546,
      572.372899999842,
      376.81680000014603,
      434.07459999993443,
      500.4487999994308,
      480.51080000028014,
      415.79059999994934,
      530.9845000002533,
      545.4384000003338,
      579.4010000005364,
      528.074300000444,
      468.69930000044405,
      637.9690000005066,
      567.5363999996334,
      635.215799998492,
      568.6148000005633,
      423.8455999996513,
      472.15789999999106,
      575.6889000013471,
      508.6298000011593,
      500.49660000018775,
      694.2995999995619,
      599.0032999999821,
      613.0157999992371,
      792.3075999990106,
      501.5462999995798,
      698.9824000000954,
      580.7759999986738,
      609.1697000004351,
      723.7730000000447,
      491.7584000006318,
      736.1561000011861,
      636.3549000006169,
      742.0994999986142,
      661.1300000008196,
      624.6805000007153,
      775.8289000000805,
      603.2610999997705,
      588.3680999986827,
      800.0175999999046,
      645.6994000002742,
      795.0159000009298,
      736.7063999995589,
      729.1348999999464,
      870.8822000008076,
      748.5245999991894,
      760.357100000605,
      706.3226000014693,
      986.6071999985725,
      663.3111000005156,
      830.515000000596,
      720.7224000003189,
      864.0746999997646,
      697.5806000009179,
      706.7242000009865,
      802.7043000012636
    ],
    "figado": [
      1604.372599998489,
      1789.3234000001103,
      1626.531700000167,
      1627.2462000008672,
      1764.2206999994814,
      1789.8585999999195,
      1616.330399999395,
      1778.2960000000894,
      1651.9048999994993,
      1694.234300000593,
      1634.4534000009298,
      1614.1702999994159,
      1521.8406000006944,
      2060.789400000125,
      1848.5744999982417,
      1886.4483000002801,
      1890.7642999999225,
      1662.928899999708,
      1782.8245000001043,
      1851.88040000014,
      1904.4485999997705,
      1674.7131999991834,
      1616.7271999996156,
      1718.4937999993563,
      1741.662100000307,
      1755.3257999997586,
      1763.9100999999791,
      1705.5422000009567,
      1700.7676999997348,
      1725.482899999246,
      2051.692499998957,
      1893.6222999989986,
      1727.3472000006586,
      1759.854900000617,
      1747.0388000011444,
      1754.9697999991477,
      1850.9693999998271,
      1908.549699999392,
      2011.762499999255,
      1912.4794999994338,
      2710.064399998635,
      2069.5935999993235,
      1940.8756000008434,
      1806.69290000014,
      2427.543900001794,
      1880.7550000008196,
      1858.2400000002235,
      1996.7477000001818,
      2450.986300000921,
      2072.0165999997407,
      2583.5212999992073,
      2073.9899000003934,
      2152.99459999986,
      2149.6438000015914,
      2131.4169999994338,
      2029.0819000005722,
      2378.174000000581,
      2170.2089999988675,
      1983.8429000005126,
      2111.793199999258,
      2165.3692000005394,
      1895.2957999985665,
      2109.3382999990135,
      1730.6175000015646
    ],