{
  "estado": "MG",
  "orgaos": [
    "rim"
  ],
  "insercoes_por_orgao": 15,
  "calls_por_orgao": 5,
  "tempo_total_seg": 46.933,
  "total_transacoes": 20,
  "throughput_tx_s": 0.426,
  "insert_media_ms_por_orgao": {
    "rim": 2270.580593333642
  },
  "insert_desvio_ms_por_orgao": {
    "rim": 124.7232563572788
  },
  "call_media_ms_por_orgao": {
    "rim": 2361.6691400002687
  },
  "call_desvio_ms_por_orgao": {
    "rim": 77.04832758036454
  },
  "total_media_ms_por_orgao": {
    "rim": 2293.3527300002984
  },
  "total_desvio_ms_por_orgao": {
    "rim": 121.27134792728285
  },
  "total_media_ms_global": 2293.3527300002984,
  "total_desvio_ms_global": 121.27134792728285,
  "create_latencias_ms_por_orgao": {
    "rim": [
      null
    ]
  },
  "insert_latencias_ms_por_orgao": {
    "rim": [
      2292.5895000007004,
      2217.2495000008494,
      2209.6871000006795,
      2179.44810000062,
      2163.1613999996334,
      2206.116600001231,
      2194.9362000003457,
      2190.310399999842,
      2189.7814000006765,
      2192.624099999666,
      2259.1732000000775,
      2460.980000000447,
      2446.19820000045,
      2254.153500000015,
      2602.299699999392
    ]
  },
  "call_latencias_ms_por_orgao": {
    "rim": [
      2431.2039999999106,
      2382.413600001484,
      2239.1512000001967,
      2311.1307999994606,
      2444.446100000292
    ]
  },
  "erros": []
}