{
  "estado": "MG",
  "orgaos": [
    "rim"
  ],
  "insercoes_por_orgao": 15,
  "calls_por_orgao": 159,
  "tempo_total_seg": 309.745,
  "total_transacoes": 174,
  "throughput_tx_s": 0.562,
  "insert_media_ms_por_orgao": {
    "rim": 1397.5076866666475
  },
  "insert_desvio_ms_por_orgao": {
    "rim": 167.92763242192734
  },
  "call_media_ms_por_orgao": {
    "rim": 1812.806564779753
  },
  "call_desvio_ms_por_orgao": {
    "rim": 255.72897780438552
  },
  "total_media_ms_por_orgao": {
    "rim": 1777.0049373562094
  },
  "total_desvio_ms_por_orgao": {
    "rim": 275.27665694015315
  },
  "total_media_ms_global": 1777.0049373562094,
  "total_desvio_ms_global": 275.27665694015315,
  "create_latencias_ms_por_orgao": {
    "rim": [
      null
    ]
  },
  "insert_latencias_ms_por_orgao": {
    "rim": [
      1693.2770000007004,
      1207.566499998793,
      1687.5062999986112,
      1245.3933000005782,
      1652.314900001511,
      1621.5406999997795,
      1392.4085000008345,
      1251.0386999994516,
      1321.4383999984711,
      1258.9253000002354,
      1336.633500000462,
      1366.522500000894,
      1295.6390000004321,
      1281.9356999993324,
      1350.4749999996275
    ]
  },
  "call_latencias_ms_por_orgao": {
    "rim": [
      1358.3199999984354,
      1322.8693000003695,
      1369.2973999995738,
      1333.310600001365,
      1363.7752000000328,
      1345.4155999999493,
      1355.4142999984324,
      1350.0570000000298,
      1351.3561999984086,
      1391.1009999997914,
      1441.9640999995172,
      1383.0054999999702,
      1372.9347000010312,
      1513.0554000008851,
      1398.0588000006974,
      1430.8764999993145,
      1393.0950000006706,
      1451.0088999997824,
      1480.9229999985546,
      1409.6023999992758,
      1496.2802000008523,
      1475.9144000001252,
      1589.448899999261,
      1625.2697000000626,
      1635.8952000010759,
      1530.5711999982595,
      1508.9375,
      1569.34829999879,
      1606.7631000000983,
      1615.001899998635,
      1618.0584999993443,
      1500.6877999994904,
      1526.290300000459,
      1548.6337000001222,
      1545.3251000009477,
      1519.0460999999195,
      1598.7336999997497,
      1585.3597999997437,
      1612.0142999999225,
      1583.049699999392,
      1653.786100000143,
      1610.4783999994397,
      1561.745000001043,
      1614.2441999986768,
      1601.1414999999106,
      1593.9411999993026,
      1751.1890000011772,
      1672.8629000000656,
      1601.6085000000894,
      1644.0529999993742,
      1653.6290000006557,
      1652.6034999992698,
      1650.2357000000775,
      1670.433299999684,
      1700.0198999997228,
      1790.230699999258,
      2264.6910999994725,
      1816.53039999865,
      1687.6922999992967,
      1657.0877000000328,
      1694.7504000011832,
      1694.2523999996483,
      1735.2493999991566,
      1739.5230000000447,
      1796.07860000059,
      1737.0187999997288,
      1769.3416999988258,
      1802.1286999993026,
      2546.3785999994725,
      1854.9862000010908,
      1764.7751000002027,
      1775.5191999990493,
      1802.0504000000656,
      1774.2219999991357,
      1860.9570000004023,
      1804.0300999991596,
      1790.6129999998957,
      1847.763599999249,
      1802.3484000004828,
      1798.3614999987185,
      1833.5002999994904,
      1774.3934000004083,
      1831.0612000003457,
      1824.5336000006646,
      1798.9906999990344,
      1872.2842999994755,
      1818.4880999997258,
      1814.6574000008404,
      1845.7119999993593,
      1828.1264999993145,
      1877.9107000008225,
      1904.9718000013381,
      1846.2800999991596,
      1979.7156000006944,
      1947.1030000001192,
      1968.766899999231,
      1936.4562999997288,
      1875.5409999992698,
      1903.1679000016302,
      1947.5874000005424,
      1910.7527999989688,
      1951.3659999985248,
      1890.1743000000715,
      1905.467199999839,
      1930.6256000008434,
      1950.2394000012428,
      1943.2843999993056,
      1963.6364000011235,
      1938.3224999997765,
      1975.8815999999642,
      1948.2864999994636,
      1983.6974999997765,
      1945.792400000617,
      1977.706399999559,
      2032.423599999398,
      1976.4101999998093,
      1983.341000000015,
      2021.7859000004828,
      1985.7916999999434,
      1993.881400000304,
      2003.5101999994367,
      2024.9616000000387,
      2038.4377999994904,
      2045.2302000001073,
      2063.6265999991447,
      2029.5483000017703,
      2043.7448999993503,
      2105.9525999985635,
      2070.9749999996275,
      2085.9125999994576,
      2091.606799999252,
      2093.4770999997854,
      2120.59470000118,
      2064.833599999547,
      2106.5981000009924,
      2087.9511000011116,
      2149.1383999995887,
      2282.6628000009805,
      2155.036300001666,
      2029.722500000149,
      2272.672800000757,
      2113.185200000182,
      2104.7705999985337,
      2098.9529999997467,
      2059.808999998495,
      2102.1295999996364,
      2097.313900001347,
      2333.134700000286,
      2117.5141000002623,
      2103.0777000002563,
      2133.097099998966,
      2079.4896999988705,
      2139.095800001174,
      2090.325199998915,
      2190.5773999989033,
      2104.1837999988347,
      2123.019300000742,
      2147.525800000876,
      2150.111099999398
    ]
  },
  "erros": []
}