{
  "estado": "MG",
  "orgaos": [
    "rim"
  ],
  "transacoes_por_orgao": 64,
  "tempo_total_seg": 52.557,
  "total_transacoes": 64,
  "throughput_tx_s": 1.218,
  "latencia_media_transfer_ms_por_orgao": {
    "rim": 816.8357437499799
  },
  "create_latencias_ms_por_orgao": {
    "rim": [
      null
    ]
  },
  "transfer_latencias_ms_por_orgao": {
    "rim": [
      645.8216000013053,
      588.1491000019014,
      597.8031000010669,
      578.0498999990523,
      686.5998000018299,
      646.3326999992132,
      662.4671999998391,
      666.5142999999225,
      699.2807999998331,
      624.723600000143,
      609.0333000011742,
      655.4773999974132,
      678.5536000020802,
      746.4254000000656,
      674.4466999992728,
      641.9172999970615,
      720.6072999984026,
      850.7166999988258,
      840.5504000000656,
      675.1725000031292,
      829.7058999985456,
      747.6268000006676,
      697.8887000009418,
      715.8275999985635,
      707.9616999998689,
      733.3381999991834,
      716.4045000001788,
      720.5025000013411,
      754.7089999988675,
      732.4944000020623,
      744.8048000000417,
      761.1220999993384,
      792.0432000011206,
      749.6471000015736,
      765.0434999987483,
      817.388900000602,
      752.5164999999106,
      943.889200001955,
      1047.0756999999285,
      847.4059999994934,
      1160.9118000008166,
      818.8493999987841,
      831.1944999992847,
      800.9756000004709,
      890.3460000008345,
      1044.5625,
      1005.9612999968231,
      852.2268000021577,
      860.8973999992013,
      832.369399998337,
      1089.797000002116,
      921.5716999992728,
      863.381400000304,
      1093.181099999696,
      929.6622000001371,
      918.4402000010014,
      914.2609000019729,
      936.3491999991238,
      951.1112999990582,
      904.6973999999464,
      929.1113999970257,
      941.4628999978304,
      1294.3442999981344,
      1425.7829000018537
    ]
  },
  "erros": []
}