{
  "estado": "MG",
  "orgaos": [
    "rim"
  ],
  "transacoes_por_orgao": 64,
  "tempo_total_seg": 28.514,
  "total_transacoes": 65,
  "throughput_tx_s": 2.28,
  "latencia_media_create_ms_por_orgao": {
    "rim": 472.03309999778867
  },
  "latencia_media_transfer_ms_por_orgao": {
    "rim": 436.625570312317
  },
  "create_latencias_ms_por_orgao": {
    "rim": [
      472.03309999778867
    ]
  },
  "transfer_latencias_ms_por_orgao": {
    "rim": [
      246.79089999943972,
      270.3305999971926,
      265.6503999978304,
      271.28519999980927,
      333.43609999865294,
      293.9054000005126,
      287.6766000017524,
      315.68859999999404,
      300.1479000002146,
      307.7536999993026,
      340.2052999995649,
      339.4354999996722,
      340.75989999994636,
      403.71860000118613,
      320.1224999986589,
      348.0595999993384,
      343.0389999970794,
      344.8489000014961,
      360.457800000906,
      368.48920000344515,
      345.0340999998152,
      368.47480000182986,
      404.3348999992013,
      383.9679999984801,
      380.31520000100136,
      423.66749999672174,
      388.31140000000596,
      455.9481000006199,
      408.09310000017285,
      415.985300000757,
      450.4045000001788,
      450.527999997139,
      437.6063999980688,
      427.85109999775887,
      476.47989999875426,
      456.41189999878407,
      467.8356999978423,
      433.98629999905825,
      524.4633000008762,
      488.04500000178814,
      454.46180000156164,
      500.4429999999702,
      460.78350000083447,
      460.73550000041723,
      464.1097000017762,
      512.6271999999881,
      499.0018000006676,
      492.8825999982655,
      520.2644000016153,
      545.873900000006,
      526.7276999987662,
      770.5051999986172,
      510.638900000602,
      551.2780999988317,
      542.2299000024796,
      543.763900000602,
      548.8872999995947,
      630.2558999992907,
      548.9686999991536,
      565.5472000017762,
      580.0496000014246,
      573.7498999983072,
      568.4888000003994,
      582.215799998492
    ]
  },
  "erros": []
}