{
  "estado": "MG",
  "orgaos": [
    "rim",
    "figado"
  ],
  "transacoes_por_orgao": 10,
  "tempo_total_seg": 13.193,
  "total_transacoes": 21,
  "throughput_tx_s": 1.592,
  "latencia_media_transfer_ms_por_orgao": {
    "rim": 1268.1877399999648,
    "figado": 294.9993400003761
  },
  "create_latencias_ms_por_orgao": {
    "figado": [
      259.30209999904037
    ],
    "rim": [
      null
    ]
  },
  "transfer_latencias_ms_por_orgao": {
    "figado": [
      274.229699999094,
      254.90680000185966,
      271.1980000026524,
      330.25310000032187,
      304.7576000019908,
      275.8640999980271,
      282.8927000015974,
      331.0933999978006,
      304.53350000083447,
      320.26449999958277
    ],
    "rim": [
      1244.436400000006,
      1128.0973000004888,
      1054.7668000012636,
      1125.9875999987125,
      1272.0439999997616,
      1104.4288000017405,
      1193.4237999990582,
      1486.655000001192,
      1609.6981999985874,
      1462.3394999988377
    ]
  },
  "erros": []
}