{
  "estado": "MG",
  "orgaos": [
    "rim",
    "figado",
    "coracao",
    "pulmao"
  ],
  "transacoes_por_orgao": 10,
  "tempo_total_seg": 13.088,
  "total_transacoes": 42,
  "throughput_tx_s": 3.209,
  "latencia_media_transfer_ms_por_orgao": {
    "rim": 1246.001780000329,
    "figado": 481.69605000093577,
    "coracao": 480.79900999963286,
    "pulmao": 483.20361000038685
  },
  "create_latencias_ms_por_orgao": {
    "figado": [
      null
    ],
    "coracao": [
      238.07469999790192
    ],
    "pulmao": [
      367.8635000027716
    ],
    "rim": [
      null
    ]
  },
  "transfer_latencias_ms_por_orgao": {
    "figado": [
      564.0985000021756,
      467.97230000048876,
      440.13320000097156,
      483.39380000159144,
      501.05250000208616,
      448.1621000021696,
      472.0426000021398,
      475.88879999890924,
      532.2718000002205,
      431.94489999860525
    ],
    "coracao": [
      488.3700000010431,
      462.0894000008702,
      502.8799999989569,
      469.05009999871254,
      472.3471000008285,
      482.2309000007808,
      492.0088999979198,
      462.0342999994755,
      505.20339999720454,
      471.77600000053644
    ],
    "pulmao": [
      514.695000000298,
      478.7710000015795,
      477.6462000012398,
      487.60529999807477,
      466.4987999983132,
      522.1013000011444,
      457.5113999992609,
      463.8766999989748,
      506.59740000218153,
      456.7330000028014
    ],
    "rim": [
      1394.4070999994874,
      1306.0034999996424,
      1393.909200001508,
      1158.5183000005782,
      1162.3354000002146,
      1149.4158000014722,
      1188.1284999996424,
      1428.9210000000894,
      1120.7322999984026,
      1157.646700002253
    ]
  },
  "erros": []
}