{
  "estado": "RJ",
  "orgaos": [
    "rim"
  ],
  "transacoes_por_orgao": 10,
  "tempo_total_seg": 3.913,
  "total_transacoes": 10,
  "throughput_tx_s": 2.556,
  "media_create_ms_por_orgao": {
    "rim": null
  },
  "media_transfer_ms_por_orgao": {
    "rim": 377.5000700008124
  },
  "create_latencias": {
    "rim": [
      null
    ]
  },
  "transfer_latencias": {
    "rim": [
      339.19690000265837,
      345.9105000011623,
      328.60749999806285,
      348.79839999973774,
      352.3412000015378,
      372.45170000195503,
      379.0194000005722,
      400.6249000020325,
      396.0566999986768,
      511.99350000172853
    ]
  },
  "erros": []
}