{
  "estado": "RJ",
  "orgaos": [
    "rim",
    "figado",
    "coracao",
    "pulmao"
  ],
  "insercoes_por_orgao": 10,
  "calls_por_orgao": 5,
  "tempo_total_seg": 1.65,
  "total_transacoes": 60,
  "throughput_tx_s": 36.363,
  "latencia_media_insert_ms_por_orgao": {
    "rim": 84.45949999997393,
    "figado": 85.10901999995113,
    "coracao": 85.1381099998951,
    "pulmao": 85.24254000000656
  },
  "latencia_desvio_padrao_insert_ms_por_orgao": {
    "rim": 5.1931841494756945,
    "figado": 5.1874607412123055,
    "coracao": 6.111151582871732,
    "pulmao": 8.813300794953456
  },
  "latencia_media_call_ms_por_orgao": {
    "rim": 120.21313999984413,
    "figado": 122.8902800001204,
    "coracao": 122.87545999996364,
    "pulmao": 122.95685999970883
  },
  "latencia_desvio_padrao_call_ms_por_orgao": {
    "rim": 8.155955860652604,
    "figado": 5.437284334754277,
    "coracao": 5.677347750863127,
    "pulmao": 5.867178551148233
  },
  "create_latencias_ms_por_orgao": {
    "figado": [
      null
    ],
    "coracao": [
      null
    ],
    "pulmao": [
      null
    ],
    "rim": [
      null
    ]
  },
  "insert_latencias_ms_por_orgao": {
    "figado": [
      97.40010000020266,
      85.74230000004172,
      86.2600000007078,
      77.23849999997765,
      80.22839999943972,
      83.54119999986142,
      89.02890000026673,
      84.76300000026822,
      85.32099999953061,
      81.56679999921471
    ],
    "coracao": [
      101.11739999987185,
      84.67309999931604,
      83.06680000014603,
      76.45369999948889,
      83.75669999979436,
      83.19150000065565,
      86.22939999960363,
      88.56159999966621,
      81.18659999966621,
      83.14430000074208
    ],
    "pulmao": [
      108.02199999988079,
      77.58420000039041,
      87.93900000024587,
      77.04380000010133,
      77.80970000009984,
      83.32789999991655,
      89.0090999994427,
      85.49560000002384,
      87.69749999977648,
      78.49660000018775
    ],
    "rim": [
      95.79119999986142,
      87.52080000005662,
      76.41179999988526,
      80.54870000015944,
      83.78729999996722,
      89.19660000037402,
      84.73269999958575,
      85.09800000023097,
      81.46679999958724,
      80.04110000003129
    ]
  },
  "call_latencias_ms_por_orgao": {
    "figado": [
      115.84830000065267,
      122.92109999991953,
      128.81279999949038,
      129.0275000007823,
      117.84169999975711
    ],
    "coracao": [
      116.5757999997586,
      122.21129999961704,
      129.70830000005662,
      129.03760000038892,
      116.84429999999702
    ],
    "pulmao": [
      116.62299999967217,
      123.57400000002235,
      129.31559999939054,
      129.3804999999702,
      115.89119999948889
    ],
    "rim": [
      120.88540000002831,
      125.6547999996692,
      129.42510000057518,
      119.62949999980628,
      105.4708999991417
    ]
  },
  "erros": []
}