{
  "estado": "RJ",
  "orgaos": [
    "rim",
    "figado",
    "coracao",
    "pulmao"
  ],
  "insercoes_por_orgao": 10,
  "calls_por_orgao": 10,
  "tempo_total_seg": 2.267,
  "total_transacoes": 80,
  "throughput_tx_s": 35.293,
  "latencia_media_insert_ms_por_orgao": {
    "rim": 86.6751300001517,
    "figado": 85.73041000021621,
    "coracao": 85.75290000000969,
    "pulmao": 84.69229999976233
  },
  "latencia_desvio_padrao_insert_ms_por_orgao": {
    "rim": 7.1779551857861215,
    "figado": 5.023184677057605,
    "coracao": 5.230851502153717,
    "pulmao": 6.7949721080037095
  },
  "latencia_media_call_ms_por_orgao": {
    "rim": 119.08648000014946,
    "figado": 121.00663999998942,
    "coracao": 120.44222999997437,
    "pulmao": 120.8508300001733
  },
  "latencia_desvio_padrao_call_ms_por_orgao": {
    "rim": 3.7117278560751936,
    "figado": 3.157263517293453,
    "coracao": 3.725146786068087,
    "pulmao": 3.461993356493903
  },
  "create_latencias_ms_por_orgao": {
    "coracao": [
      null
    ],
    "figado": [
      null
    ],
    "pulmao": [
      null
    ],
    "rim": [
      null
    ]
  },
  "insert_latencias_ms_por_orgao": {
    "coracao": [
      98.53729999996722,
      90.63370000012219,
      84.72949999943376,
      78.90720000024885,
      82.28120000008494,
      81.58050000015646,
      85.87310000043362,
      82.87390000000596,
      85.55869999993593,
      86.55389999970794
    ],
    "figado": [
      95.0327000003308,
      91.08270000014454,
      85.18400000035763,
      78.01190000027418,
      83.7574000004679,
      80.02049999963492,
      87.15160000044852,
      81.87609999999404,
      84.68190000019968,
      90.50530000030994
    ],
    "pulmao": [
      102.99099999945611,
      80.52989999949932,
      85.54879999998957,
      79.96449999976903,
      80.06539999973029,
      81.92130000051111,
      88.59509999956936,
      82.89319999981672,
      85.85059999953955,
      78.56319999974221
    ],
    "rim": [
      102.97450000047684,
      86.90170000027865,
      76.70320000033826,
      84.43280000053346,
      77.7351000001654,
      85.54250000044703,
      82.85899999924004,
      87.04389999993145,
      93.11500000022352,
      89.44359999988228
    ]
  },
  "call_latencias_ms_por_orgao": {
    "coracao": [
      127.5741000007838,
      117.52139999996871,
      119.77059999946505,
      125.86299999989569,
      123.4012000001967,
      120.83650000020862,
      117.20489999931306,
      116.63499999977648,
      118.74849999975413,
      116.86710000038147
    ],
    "figado": [
      126.59279999975115,
      118.0472999997437,
      121.08330000005662,
      124.04840000066906,
      123.56340000033379,
      122.79769999999553,
      120.79870000015944,
      115.67189999949187,
      119.69620000012219,
      117.76669999957085
    ],
    "pulmao": [
      127.76309999916703,
      117.67169999983162,
      121.32849999982864,
      126.16630000062287,
      120.63679999951273,
      122.14850000012666,
      119.33830000087619,
      116.89820000063628,
      117.72610000055283,
      118.83080000057817
    ],
    "rim": [
      117.25850000046194,
      120.06560000032187,
      123.9566000001505,
      124.80530000012368,
      123.17980000004172,
      118.04999999981374,
      117.69230000022799,
      115.95630000066012,
      117.52479999978095,
      112.37559999991208
    ]
  },
  "erros": []
}