{
  "estado": "RJ",
  "orgaos": [
    "rim",
    "figado",
    "coracao",
    "pulmao"
  ],
  "insercoes_por_orgao": 10,
  "calls_por_orgao": 5,
  "tempo_total_seg": 9.907,
  "total_transacoes": 60,
  "throughput_tx_s": 6.056,
  "latencia_media_insert_ms_por_orgao": {
    "rim": 616.9883799999952,
    "figado": 575.9170100000687,
    "coracao": 590.4616000001319,
    "pulmao": 589.3433799998835
  },
  "latencia_desvio_padrao_insert_ms_por_orgao": {
    "rim": 55.22703939567411,
    "figado": 69.14399994156265,
    "coracao": 50.75736164286338,
    "pulmao": 51.30517523715071
  },
  "latencia_media_call_ms_por_orgao": {
    "rim": 701.8867199998349,
    "figado": 574.5344199998304,
    "coracao": 564.3849400000647,
    "pulmao": 599.0267999999226
  },
  "latencia_desvio_padrao_call_ms_por_orgao": {
    "rim": 96.54409071334801,
    "figado": 60.2173847855377,
    "coracao": 55.274981218914085,
    "pulmao": 38.48621381142468
  },
  "latencia_media_total_ms_por_orgao": {
    "rim": 645.2878266666085,
    "figado": 575.456146666656,
    "coracao": 581.7693800001094,
    "pulmao": 592.5711866665631
  },
  "latencia_desvio_padrao_total_ms_por_orgao": {
    "rim": 82.10961231246269,
    "figado": 66.30533728220186,
    "coracao": 53.73165175763995,
    "pulmao": 47.638020813327074
  },
  "latencia_media_total_ms_global": 598.7711349999843,
  "latencia_desvio_padrao_total_ms_global": 69.51573190801602,
  "create_latencias_ms_por_orgao": {
    "figado": [
      null
    ],
    "coracao": [
      null
    ],
    "pulmao": [
      null
    ],
    "rim": [
      null
    ]
  },
  "insert_latencias_ms_por_orgao": {
    "figado": [
      421.6697000004351,
      505.19220000039786,
      540.3238000003621,
      632.2554999999702,
      635.3914000000805,
      660.1590999998152,
      556.5651999991387,
      628.3322000000626,
      574.7854000004008,
      604.4956000000238
    ],
    "coracao": [
      551.6231000004336,
      512.9592000003904,
      546.9709999999031,
      629.5904000001028,
      622.1052999999374,
      687.2305999994278,
      551.7821000004187,
      627.9657000005245,
      559.4817000003532,
      614.9068999998271
    ],
    "pulmao": [
      551.2975999992341,
      515.780199999921,
      670.6795999994501,
      673.5,
      600.106600000523,
      538.8266999991611,
      551.3845000006258,
      611.100200000219,
      566.0778999999166,
      614.6804999997839
    ],
    "rim": [
      756.3193999994546,
      551.2312000002712,
      636.6887000007555,
      651.204299999401,
      621.125500000082,
      571.80979999993,
      620.0628000004217,
      600.9968999996781,
      570.803399999626,
      589.6418000003323
    ]
  },
  "call_latencias_ms_por_orgao": {
    "figado": [
      584.4731000000611,
      586.4407999999821,
      538.8486999999732,
      490.5677999993786,
      672.3416999997571
    ],
    "coracao": [
      545.5306000001729,
      612.0661000004038,
      556.7989999996498,
      475.13719999976456,
      632.3918000003323
    ],
    "pulmao": [
      548.1840000003576,
      627.0927999997512,
      556.0581000000238,
      628.3142999997362,
      635.4847999997437
    ],
    "rim": [
      714.9707000004128,
      767.8105999995023,
      837.8600999992341,
      610.0394999999553,
      578.75270000007
    ]
  },
  "erros": []
}