{
  "estado": "RJ",
  "orgaos": [
    "rim",
    "figado",
    "coracao",
    "pulmao"
  ],
  "transacoes_por_orgao": 10,
  "calls_por_orgao": 0,
  "tempo_total_seg": 0.92,
  "total_transacoes": 40,
  "throughput_tx_s": 43.482,
  "latencia_media_transfer_ms_por_orgao": {
    "rim": 62.49206000003032,
    "figado": 79.95100000007078,
    "coracao": 78.07242999994196,
    "pulmao": 80.31851999992504
  },
  "latencia_desvio_padrao_transfer_ms_por_orgao": {
    "rim": 5.415297520329594,
    "figado": 50.62456891478422,
    "coracao": 52.56397408562869,
    "pulmao": 50.1623518735551
  },
  "latencia_media_call_ms_por_orgao": {
    "rim": null,
    "figado": null,
    "coracao": null,
    "pulmao": null
  },
  "latencia_desvio_padrao_call_ms_por_orgao": {
    "rim": null,
    "figado": null,
    "coracao": null,
    "pulmao": null
  },
  "create_latencias_ms_por_orgao": {
    "coracao": [
      null
    ],
    "figado": [
      null
    ],
    "rim": [
      null
    ],
    "pulmao": [
      null
    ]
  },
  "transfer_latencias_ms_por_orgao": {
    "coracao": [
      234.95830000005662,
      70.25820000004023,
      61.40339999971911,
      57.096599999815226,
      56.91969999996945,
      52.03539999993518,
      55.13980000000447,
      67.53140000021085,
      61.67649999959394,
      63.705000000074506
    ],
    "figado": [
      231.3078000000678,
      73.16390000004321,
      64.85770000005141,
      62.96970000024885,
      61.68999999994412,
      56.12330000009388,
      62.623000000137836,
      63.82379999989644,
      64.03340000007302,
      58.91740000015125
    ],
    "rim": [
      55.948900000192225,
      69.76670000003651,
      67.0702999997884,
      69.34700000006706,
      53.8023000000976,
      56.166800000239164,
      61.60130000021309,
      64.53839999996126,
      65.29300000006333,
      61.38589999964461
    ],
    "pulmao": [
      230.4185000001453,
      71.13769999984652,
      67.27959999954328,
      63.10229999991134,
      57.06030000001192,
      60.09539999999106,
      63.301800000015646,
      65.1066999998875,
      62.58770000003278,
      63.095199999865144
    ]
  },
  "call_latencias_ms_por_orgao": {
    "coracao": [],
    "figado": [],
    "rim": [],
    "pulmao": []
  },
  "erros": []
}