{
  "estado": "RJ",
  "orgaos": [
    "rim",
    "figado",
    "coracao",
    "pulmao"
  ],
  "insercoes_por_orgao": 10,
  "calls_por_orgao": 5,
  "tempo_total_seg": 11.502,
  "total_transacoes": 60,
  "throughput_tx_s": 5.217,
  "latencia_media_insert_ms_por_orgao": {
    "rim": 743.8522900001146,
    "figado": 643.7058300000615,
    "coracao": 624.9374999999069,
    "pulmao": 608.7983600001783
  },
  "latencia_desvio_padrao_insert_ms_por_orgao": {
    "rim": 74.25680165619477,
    "figado": 39.545088432599165,
    "coracao": 65.47478148610104,
    "pulmao": 81.93081866989438
  },
  "latencia_media_call_ms_por_orgao": {
    "rim": 759.899120000191,
    "figado": 643.1563599999994,
    "coracao": 648.130539999716,
    "pulmao": 643.7157199997455
  },
  "latencia_desvio_padrao_call_ms_por_orgao": {
    "rim": 87.36100609749317,
    "figado": 51.365969320877014,
    "coracao": 66.00941225017247,
    "pulmao": 66.54174523929314
  },
  "latencia_media_total_ms_por_orgao": {
    "rim": 749.2012333334734,
    "figado": 643.5226733333742,
    "coracao": 632.6685133331765,
    "pulmao": 620.4374800000339
  },
  "latencia_desvio_padrao_total_ms_por_orgao": {
    "rim": 79.22911447080139,
    "figado": 43.84173096014332,
    "coracao": 66.55761396432854,
    "pulmao": 78.87952130000846
  },
  "latencia_media_total_ms_global": 661.4574750000145,
  "latencia_desvio_padrao_total_ms_global": 85.70780791664674,
  "create_latencias_ms_por_orgao": {
    "pulmao": [
      null
    ],
    "coracao": [
      null
    ],
    "figado": [
      null
    ],
    "rim": [
      null
    ]
  },
  "insert_latencias_ms_por_orgao": {
    "pulmao": [
      469.0912000006065,
      475.21329999994487,
      686.3952000001445,
      629.0900000007823,
      528.9092000005767,
      635.1083000004292,
      651.6403000000864,
      698.077699999325,
      686.8829999994487,
      627.5754000004381
    ],
    "coracao": [
      650.9543000003323,
      489.66139999963343,
      647.3838999997824,
      626.058799999766,
      685.1021999996156,
      505.6819000001997,
      657.2412000000477,
      669.9475999996066,
      668.69020000007,
      648.6535000000149
    ],
    "figado": [
      651.5378999998793,
      642.9770999997854,
      669.3700000001118,
      639.5069000003859,
      694.3612000001594,
      625.1904999995604,
      668.7071000002325,
      539.124499999918,
      641.9429000001401,
      664.3402000004426
    ],
    "rim": [
      782.8224999997765,
      679.9906999999657,
      660.4917000001296,
      794.7120000002906,
      833.527499999851,
      665.9518999997526,
      834.8944000005722,
      669.4226000001654,
      682.0369000006467,
      834.6726999999955
    ]
  },
  "call_latencias_ms_por_orgao": {
    "pulmao": [
      643.7088999999687,
      515.6021999996156,
      673.806599999778,
      695.5230000000447,
      689.9378999993205
    ],
    "coracao": [
      632.4032999994233,
      689.6576999993995,
      542.7406999999657,
      635.2944000000134,
      740.556599999778
    ],
    "figado": [
      703.9376999996603,
      604.0805000001565,
      695.1195000000298,
      570.5636999998242,
      642.0804000003263
    ],
    "rim": [
      857.6518000001088,
      873.6922000003979,
      709.4406000003219,
      687.5610999995843,
      671.1499000005424
    ]
  },
  "erros": []
}