{
  "estado": "RJ",
  "orgaos": [
    "rim",
    "figado",
    "coracao",
    "pulmao"
  ],
  "insercoes_por_orgao": 10,
  "calls_por_orgao": 5,
  "tempo_total_seg": 8.773,
  "total_transacoes": 60,
  "throughput_tx_s": 6.839,
  "latencia_media_insert_ms_por_orgao": {
    "rim": 566.9794400000944,
    "figado": 467.7239100000821,
    "coracao": 500.9658400000073,
    "pulmao": 483.97649999996645
  },
  "latencia_desvio_padrao_insert_ms_por_orgao": {
    "rim": 81.56560277400419,
    "figado": 77.81589171598378,
    "coracao": 24.939077216708668,
    "pulmao": 44.97443719327562
  },
  "latencia_media_call_ms_por_orgao": {
    "rim": 586.7046399997547,
    "figado": 516.171779999882,
    "coracao": 481.9820799998939,
    "pulmao": 483.15925999991595
  },
  "latencia_desvio_padrao_call_ms_por_orgao": {
    "rim": 105.88946855832766,
    "figado": 58.96099033606654,
    "coracao": 24.752322209860345,
    "pulmao": 8.967689087808758
  },
  "create_latencias_ms_por_orgao": {
    "pulmao": [
      null
    ],
    "figado": [
      null
    ],
    "coracao": [
      null
    ],
    "rim": [
      null
    ]
  },
  "insert_latencias_ms_por_orgao": {
    "pulmao": [
      480.53120000008494,
      481.80740000028163,
      513.7322000004351,
      536.3596999999136,
      450.90500000026077,
      513.1988000003621,
      511.0919999992475,
      479.9847999997437,
      504.24379999935627,
      367.91009999997914
    ],
    "figado": [
      313.7361000003293,
      486.0281999995932,
      550.3954000007361,
      324.0142999999225,
      504.12589999940246,
      463.77960000000894,
      500.0093999998644,
      496.0158999999985,
      504.4028000002727,
      534.7315000006929
    ],
    "coracao": [
      464.2017000000924,
      488.4517000000924,
      523.6076999995857,
      524.2955000000075,
      456.31689999997616,
      515.558799999766,
      503.7345000002533,
      485.36189999990165,
      516.0124000003561,
      532.1173000000417
    ],
    "rim": [
      647.3294999999925,
      571.660500000231,
      627.5402999995276,
      465.1807000003755,
      504.68540000077337,
      508.37349999975413,
      481.2105000000447,
      501.9111999999732,
      704.7865000003949,
      657.1162999998778
    ]
  },
  "call_latencias_ms_por_orgao": {
    "pulmao": [
      471.74270000029355,
      474.06529999990016,
      494.40299999993294,
      490.93119999952614,
      484.654099999927
    ],
    "figado": [
      472.6875999998301,
      482.6632999991998,
      485.6968000000343,
      507.9987000003457,
      631.8125
    ],
    "coracao": [
      438.8287000004202,
      492.1372999995947,
      497.9423999991268,
      471.81720000039786,
      509.18479999992996
    ],
    "rim": [
      775.3544999994338,
      630.767899999395,
      526.6724000005051,
      503.47420000005513,
      497.2541999993846
    ]
  },
  "erros": []
}