{
  "estado": "RJ",
  "orgaos": [
    "rim",
    "figado",
    "coracao",
    "pulmao"
  ],
  "insercoes_por_orgao": 10,
  "calls_por_orgao": 5,
  "tempo_total_seg": 12.454,
  "total_transacoes": 60,
  "throughput_tx_s": 4.818,
  "latencia_media_insert_ms_por_orgao": {
    "rim": 796.2250199998729,
    "figado": 728.3213000000454,
    "coracao": 683.2036100000144,
    "pulmao": 744.7427900000475
  },
  "latencia_desvio_padrao_insert_ms_por_orgao": {
    "rim": 63.39896307781773,
    "figado": 60.139583105227715,
    "coracao": 86.00374685185676,
    "pulmao": 36.13513388302011
  },
  "latencia_media_call_ms_por_orgao": {
    "rim": 835.6630599999801,
    "figado": 726.7103200001642,
    "coracao": 779.3706799998879,
    "pulmao": 751.9936799999326
  },
  "latencia_desvio_padrao_call_ms_por_orgao": {
    "rim": 68.38030047395019,
    "figado": 66.61910560532395,
    "coracao": 46.977451104981945,
    "pulmao": 69.71191817743666
  },
  "latencia_media_total_ms_por_orgao": {
    "rim": 809.3710333332419,
    "figado": 727.7843066667517,
    "coracao": 715.2592999999722,
    "pulmao": 747.1597533333426
  },
  "latencia_desvio_padrao_total_ms_por_orgao": {
    "rim": 67.70432908600799,
    "figado": 62.37888081403432,
    "coracao": 87.87410203557869,
    "pulmao": 50.02098762183782
  },
  "latencia_media_total_ms_global": 749.8935983333271,
  "latencia_desvio_padrao_total_ms_global": 77.35042427407217,
  "create_latencias_ms_por_orgao": {
    "coracao": [
      null
    ],
    "figado": [
      null
    ],
    "pulmao": [
      null
    ],
    "rim": [
      null
    ]
  },
  "insert_latencias_ms_por_orgao": {
    "coracao": [
      559.8580000000075,
      577.9630000004545,
      667.7956999996677,
      556.2714999997988,
      672.9030999997631,
      739.0985000003129,
      747.8474000003189,
      766.5614999998361,
      796.837299999781,
      746.9001000002027
    ],
    "figado": [
      766.6579999998212,
      598.9248999999836,
      630.1520999995992,
      711.1995999999344,
      784.0072000008076,
      756.2453000005335,
      756.8250000001863,
      774.8339999997988,
      748.3852000003681,
      755.9816999994218
    ],
    "pulmao": [
      779.6183000002056,
      717.9363000001758,
      667.0514000002295,
      745.3744000000879,
      722.0527999997139,
      772.4883000003174,
      742.9444000003859,
      804.1663999995217,
      736.7784000001848,
      759.0171999996528
    ],
    "rim": [
      964.8544999994338,
      765.4918999997899,
      855.7793999994174,
      766.152999999933,
      745.6813000002876,
      777.1395000005141,
      748.5906999995932,
      765.0515000000596,
      790.1946999998763,
      783.3136999998242
    ]
  },
  "call_latencias_ms_por_orgao": {
    "coracao": [
      725.2291999999434,
      818.6770000001416,
      849.4806000003591,
      759.3183999992907,
      744.148199999705
    ],
    "figado": [
      801.026399999857,
      626.6388999996707,
      670.9291000002995,
      777.9119000006467,
      757.0453000003472
    ],
    "pulmao": [
      793.4879999998957,
      820.128700000234,
      774.8964999997988,
      751.4073999999091,
      620.0477999998257
    ],
    "rim": [
      932.9759999997914,
      795.4005999993533,
      795.0807999996468,
      899.9063000008464,
      754.9516000002623
    ]
  },
  "erros": []
}