{
  "estado": "SP",
  "orgaos": [
    "rim"
  ],
  "transacoes_por_orgao": 10,
  "tempo_total_seg": 6.764,
  "total_transacoes": 10,
  "throughput_tx_s": 1.478,
  "media_create_ms_por_orgao": {
    "rim": null
  },
  "media_transfer_ms_por_orgao": {
    "rim": 653.5964099995792
  },
  "create_latencias": {
    "rim": [
      null
    ]
  },
  "transfer_latencias": {
    "rim": [
      690.7709999978542,
      700.263900000602,
      771.2193000018597,
      755.5017999969423,
      722.86969999969,
      556.9292999990284,
      641.7908000014722,
      560.8885000012815,
      562.9544999971986,
      572.7752999998629
    ]
  },
  "erros": []
}