{
  "estado": "SP",
  "orgaos": [
    "rim"
  ],
  "insercoes_por_orgao": 10,
  "calls_por_orgao": 63,
  "tempo_total_seg": 59.932,
  "total_transacoes": 73,
  "throughput_tx_s": 1.218,
  "insert_media_ms_por_orgao": {
    "rim": 682.5029700003564
  },
  "insert_desvio_ms_por_orgao": {
    "rim": 55.054311265986016
  },
  "call_media_ms_por_orgao": {
    "rim": 838.9524539682186
  },
  "call_desvio_ms_por_orgao": {
    "rim": 88.26055105784769
  },
  "total_media_ms_por_orgao": {
    "rim": 817.5210178082375
  },
  "total_desvio_ms_por_orgao": {
    "rim": 100.15809953978946
  },
  "total_media_ms_global": 817.5210178082375,
  "total_desvio_ms_global": 100.15809953978946,
  "create_latencias_ms_por_orgao": {
    "rim": [
      null
    ]
  },
  "insert_latencias_ms_por_orgao": {
    "rim": [
      803.3749000001699,
      774.1427999995649,
      645.2843000013381,
      647.8888000007719,
      636.5763000007719,
      665.9952000007033,
      660.116700001061,
      658.2916999999434,
      686.0270999986678,
      647.3319000005722
    ]
  },
  "call_latencias_ms_por_orgao": {
    "rim": [
      693.8516000006348,
      696.9598999992013,
      694.5088999997824,
      709.0761999990791,
      711.3962000012398,
      756.280700000003,
      732.3851999994367,
      765.3755999989808,
      779.6995000001043,
      695.0592000000179,
      896.6438999995589,
      703.4721000008285,
      722.2598000001162,
      761.1107000000775,
      775.4396999999881,
      753.4357000011951,
      789.8573000002652,
      738.1948000006378,
      789.6054999995977,
      753.7697000000626,
      760.7312000002712,
      756.9273000005633,
      776.129300000146,
      800.2134000007063,
      763.4613000005484,
      812.3402000013739,
      768.8844000007957,
      787.0582999996841,
      878.2440000008792,
      838.5841000005603,
      844.0065999999642,
      913.7798999994993,
      929.9055999983102,
      802.5817999988794,
      869.9996000006795,
      875.820799998939,
      846.2987000010908,
      876.9787000007927,
      892.881400000304,
      864.8084999993443,
      917.5990999992937,
      864.5131999999285,
      963.478900000453,
      911.2704999987036,
      867.3165999986231,
      914.7052999995649,
      891.6480000000447,
      870.2401000000536,
      935.183199999854,
      896.0865000002086,
      893.1995999999344,
      932.3989000003785,
      924.4905999992043,
      929.1744999997318,
      914.3553999997675,
      899.5386999994516,
      901.22329999879,
      937.191499998793,
      918.8423000015318,
      1043.8708999995142,
      1040.6176000013947,
      962.4923999998719,
      946.5501999985427
    ]
  },
  "erros": []
}