{
  "estado": "SP",
  "orgaos": [
    "rim",
    "figado"
  ],
  "insercoes_por_orgao": 5,
  "calls_por_orgao": 1,
  "tempo_total_seg": 7.646,
  "total_transacoes": 12,
  "throughput_tx_s": 1.569,
  "insert_media_ms_por_orgao": {
    "rim": 1153.3512199994177,
    "figado": 612.9008200000972
  },
  "insert_desvio_ms_por_orgao": {
    "rim": 133.18481606719584,
    "figado": 83.47439154948744
  },
  "call_media_ms_por_orgao": {
    "rim": 1098.3928000014275,
    "figado": 544.3853000011295
  },
  "call_desvio_ms_por_orgao": {
    "rim": 0,
    "figado": 0
  },
  "total_media_ms_por_orgao": {
    "rim": 1144.191483333086,
    "figado": 601.4815666669359
  },
  "total_desvio_ms_por_orgao": {
    "rim": 123.29368693500368,
    "figado": 80.36567532576034
  },
  "total_media_ms_global": 872.836525000011,
  "total_desvio_ms_global": 290.62604996152874,
  "create_latencias_ms_por_orgao": {
    "figado": [
      null
    ],
    "rim": [
      null
    ]
  },
  "insert_latencias_ms_por_orgao": {
    "figado": [
      745.7764999996871,
      674.9974000006914,
      540.4262000005692,
      534.7325999997556,
      568.5713999997824
    ],
    "rim": [
      1000.0015999991447,
      1401.5767000000924,
      1139.4810999985784,
      1106.3048000000417,
      1119.391899999231
    ]
  },
  "call_latencias_ms_por_orgao": {
    "figado": [
      544.3853000011295
    ],
    "rim": [
      1098.3928000014275
    ]
  },
  "erros": []
}