{
  "estado": "SP",
  "orgaos": [
    "rim",
    "figado"
  ],
  "transacoes_por_orgao": 10,
  "tempo_total_seg": 3.572,
  "total_transacoes": 20,
  "throughput_tx_s": 5.599,
  "media_create_ms_por_orgao": {
    "rim": null,
    "figado": null
  },
  "media_transfer_ms_por_orgao": {
    "rim": 343.82508999966086,
    "figado": 322.60207000002265
  },
  "create_latencias": {
    "figado": [
      null
    ],
    "rim": [
      null
    ]
  },
  "transfer_latencias": {
    "figado": [
      251.5181000009179,
      304.8170999996364,
      326.8759000003338,
      337.0797000005841,
      310.27510000020266,
      322.9842999987304,
      340.2351000010967,
      336.4534999988973,
      380.23380000144243,
      315.5480999983847
    ],
    "rim": [
      387.90439999848604,
      324.05180000141263,
      323.87090000137687,
      319.81780000030994,
      324.5060000009835,
      320.06569999828935,
      360.1469999998808,
      352.03359999880195,
      354.40019999817014,
      371.4534999988973
    ]
  },
  "erros": []
}