{
  "estado": "SP",
  "orgaos": [
    "rim",
    "figado",
    "coracao",
    "pulmao"
  ],
  "transacoes_por_orgao": 10,
  "tempo_total_seg": 5.832,
  "total_transacoes": 42,
  "throughput_tx_s": 7.201,
  "media_create_ms_por_orgao": {
    "rim": null,
    "figado": null,
    "coracao": 696.8580999970436,
    "pulmao": 548.500600002706
  },
  "media_transfer_ms_por_orgao": {
    "rim": 563.8379699993878,
    "figado": 478.5655300002545,
    "coracao": 442.6567499995232,
    "pulmao": 441.2457000002265
  },
  "create_latencias": {
    "figado": [
      null
    ],
    "pulmao": [
      548.500600002706
    ],
    "coracao": [
      696.8580999970436
    ],
    "rim": [
      null
    ]
  },
  "transfer_latencias": {
    "figado": [
      531.6550000011921,
      460.11420000344515,
      459.4628999978304,
      468.8579999990761,
      468.124699998647,
      467.49010000005364,
      479.4118000008166,
      489.6732000000775,
      467.1246000006795,
      493.7408000007272
    ],
    "pulmao": [
      310.0822999998927,
      465.72819999977946,
      470.5085999965668,
      462.3527000024915,
      466.4640999995172,
      321.99390000104904,
      486.3366000019014,
      481.2423000000417,
      459.57750000059605,
      488.17080000042915
    ],
    "coracao": [
      466.89669999852777,
      475.9004000015557,
      457.7141999974847,
      466.2608999982476,
      315.4261999987066,
      320.77849999815226,
      489.8391999974847,
      477.0140000022948,
      472.0942000001669,
      484.6432000026107
    ],
    "rim": [
      520.6420999988914,
      471.99049999937415,
      628.5507000014186,
      633.6692999973893,
      590.2095999978483,
      687.2528999969363,
      618.0458000004292,
      628.7017999999225,
      457.01759999990463,
      402.2994000017643
    ]
  },
  "erros": []
}