{
  "estado": "SP",
  "orgaos": [
    "rim",
    "figado",
    "coracao",
    "pulmao"
  ],
  "transacoes_por_orgao": 10,
  "tempo_total_seg": 6.395,
  "total_transacoes": 40,
  "throughput_tx_s": 6.255,
  "media_create_ms_por_orgao": {
    "rim": null,
    "figado": null,
    "coracao": null,
    "pulmao": null
  },
  "media_transfer_ms_por_orgao": {
    "rim": 609.547069998458,
    "figado": 589.3322899997235,
    "coracao": 574.5279800001532,
    "pulmao": 526.8714800000191
  },
  "create_latencias": {
    "pulmao": [
      null
    ],
    "coracao": [
      null
    ],
    "figado": [
      null
    ],
    "rim": [
      null
    ]
  },
  "transfer_latencias": {
    "pulmao": [
      389.4274000003934,
      377.4340999983251,
      618.8625999987125,
      627.3247999995947,
      512.6133000031114,
      475.8273999989033,
      495.6994000002742,
      524.8222000002861,
      599.7837000004947,
      646.9199000000954
    ],
    "coracao": [
      544.6376999989152,
      375.882199998945,
      635.9936999976635,
      623.9511000029743,
      519.2691000029445,
      648.7199000008404,
      504.26880000159144,
      627.9023999981582,
      630.63409999758,
      634.0208000019193
    ],
    "figado": [
      567.5712000019848,
      501.6717999987304,
      629.5172000005841,
      631.4516000002623,
      547.2454999983311,
      618.3343000002205,
      660.3545999974012,
      632.4453999996185,
      636.2961000017822,
      468.43519999831915
    ],
    "rim": [
      531.224099997431,
      672.5839999988675,
      649.6648999974132,
      642.9364999979734,
      641.361899998039,
      527.3636999987066,
      653.8334999978542,
      669.3729999996722,
      590.1217000000179,
      517.0073999986053
    ]
  },
  "erros": []
}