{
  "estado": "SP",
  "orgaos": [
    "rim",
    "figado",
    "coracao",
    "pulmao"
  ],
  "transacoes_por_orgao": 10,
  "tempo_total_seg": 5.801,
  "total_transacoes": 40,
  "throughput_tx_s": 6.896,
  "media_create_ms_por_orgao": {
    "rim": null,
    "figado": null,
    "coracao": null,
    "pulmao": null
  },
  "media_transfer_ms_por_orgao": {
    "rim": 556.9860799994319,
    "figado": 539.2166600000113,
    "coracao": 480.7740499995649,
    "pulmao": 480.27809999994935
  },
  "create_latencias": {
    "coracao": [
      null
    ],
    "pulmao": [
      null
    ],
    "figado": [
      null
    ],
    "rim": [
      null
    ]
  },
  "transfer_latencias": {
    "coracao": [
      501.52940000221133,
      451.84950000047684,
      479.0505999997258,
      472.4438999965787,
      487.78909999877214,
      492.9501000009477,
      487.06949999928474,
      488.62900000065565,
      472.27889999747276,
      474.15049999952316
    ],
    "pulmao": [
      323.4087999984622,
      472.15510000288486,
      471.61510000005364,
      483.99970000237226,
      456.06149999797344,
      500.0916999988258,
      492.0793000012636,
      504.40639999881387,
      463.7463000006974,
      635.2170999981463
    ],
    "figado": [
      480.4919999986887,
      468.0434999987483,
      631.9234999977052,
      511.6744000017643,
      482.6367000006139,
      621.5351999998093,
      659.8946000002325,
      615.2947000004351,
      512.5615000016987,
      408.11050000041723
    ],
    "rim": [
      627.9695999994874,
      479.56729999929667,
      630.0082000009716,
      635.1820000000298,
      649.9492999985814,
      504.76129999756813,
      471.64919999986887,
      636.0769999995828,
      468.2807999998331,
      466.41609999909997
    ]
  },
  "erros": []
}