{
  "estado": "RJ3",
  "orgaos": [
    "rim",
    "figado"
  ],
  "insercoes_por_orgao": 128,
  "calls_por_orgao": 128,
  "tempo_total_seg": 134.645,
  "total_transacoes": 512,
  "throughput_tx_s": 3.803,
  "insert_media_ms_por_orgao": {
    "rim": 518.5754375001998,
    "figado": 508.8861617187504
  },
  "insert_desvio_ms_por_orgao": {
    "rim": 63.929797996167004,
    "figado": 73.18506451933479
  },
  "call_media_ms_por_orgao": {
    "rim": 532.4391296874674,
    "figado": 523.2634835938516
  },
  "call_desvio_ms_por_orgao": {
    "rim": 74.68699556549024,
    "figado": 85.03619767294781
  },
  "total_media_ms_por_orgao": {
    "rim": 525.5072835938336,
    "figado": 516.074822656301
  },
  "total_desvio_ms_por_orgao": {
    "rim": 69.8615321867547,
    "figado": 79.65727297466933
  },
  "total_media_ms_global": 520.7910531250673,
  "total_desvio_ms_global": 75.06797078951513,
  "create_latencias_ms_por_orgao": {
    "figado": [
      null
    ],
    "rim": [
      null
    ]
  },
  "insert_latencias_ms_por_orgao": {
    "figado": [
      437.66200000047684,
      335.6130999997258,
      519.2470999993384,
      488.4851999990642,
      474.3103000000119,
      340.1012999974191,
      517.4287999980152,
      539.5311999991536,
      543.7824999988079,
      525.9828999973834,
      516.6466999985278,
      533.021899998188,
      511.06909999996424,
      512.7380999997258,
      533.7034000009298,
      526.2788999974728,
      338.840300001204,
      497.61630000174046,
      553.5302999988198,
      534.422499999404,
      545.5190999992192,
      517.1059000007808,
      541.6413000002503,
      532.9213000014424,
      536.4325000010431,
      539.6466999985278,
      528.6349999979138,
      516.3812000006437,
      530.5603999979794,
      544.6586999967694,
      519.7380999997258,
      500.2668999992311,
      567.9844000004232,
      530.4056000001729,
      508.3982999995351,
      535.352800000459,
      532.7733999975026,
      542.694699998945,
      540.7517000027001,
      576.3201000019908,
      552.5540999993682,
      341.8238999992609,
      348.5456000007689,
      555.1504000015557,
      346.3052000030875,
      495.63459999859333,
      578.9076000005007,
      382.75730000063777,
      295.735300000757,
      564.7415999993682,
      580.3273000009358,
      550.6612999998033,
      555.5661999993026,
      415.2068000026047,
      465.54710000008345,
      540.7473000027239,
      511.39629999920726,
      538.4528999999166,
      508.40010000020266,
      600.6713999994099,
      568.1516999974847,
      520.6601999998093,
      521.3832000009716,
      521.5126000009477,
      537.0111999996006,
      346.0185999982059,
      341.9675999991596,
      539.7667999975383,
      347.5100000016391,
      327.2541000023484,
      311.2036000005901,
      504.7927000001073,
      538.4203000031412,
      326.89210000261664,
      568.0291999988258,
      564.9307000003755,
      486.2263999991119,
      530.2666999995708,
      455.51080000028014,
      519.8170000016689,
      509.59899999946356,
      564.8310000002384,
      559.9186000004411,
      590.9400000013411,
      559.8965000025928,
      518.9926999993622,
      528.8234000019729,
      334.56150000169873,
      344.833599999547,
      528.3016999997199,
      550.9113999977708,
      368.52980000153184,
      547.5765000022948,
      526.9516000002623,
      535.9197000004351,
      548.943100001663,
      519.311700001359,
      495.2397999987006,
      507.8370999991894,
      474.25109999999404,
      607.1667999997735,
      539.685900002718,
      498.47239999845624,
      581.1400999985635,
      570.2732999995351,
      597.4397999979556,
      512.1759000010788,
      556.4659000001848,
      507.6973000019789,
      497.0678999982774,
      579.1843999996781,
      555.4623000025749,
      519.5987999998033,
      558.4764999970794,
      542.6369000002742,
      537.4114000014961,
      615.7930999994278,
      580.1090999990702,
      562.0760000012815,
      555.3693000003695,
      567.811400000006,
      530.8366999998689,
      571.0075999982655,
      518.2263999991119,
      542.7268000021577,
      523.8385999985039,
      535.1772999987006,
      583.2732000015676
    ],
    "rim": [
      276.7551000006497,
      338.12519999966025,
      320.2967999987304,
      524.3359000012279,
      459.8833000026643,
      498.73030000180006,
      523.7443000003695,
      548.3927999995649,
      551.5214999988675,
      506.6347999982536,
      521.8040999993682,
      521.5740000009537,
      530.352800000459,
      504.4640000015497,
      539.2395999990404,
      533.1160999983549,
      492.71299999952316,
      499.5573999993503,
      551.7963000014424,
      534.3724999986589,
      541.5452000014484,
      520.5705999992788,
      550.674699999392,
      520.6719000004232,
      539.0473999977112,
      536.2527000010014,
      537.6779000014067,
      507.23750000074506,
      533.8233000002801,
      541.9144000001252,
      524.6125999987125,
      500.7939000017941,
      567.6545000001788,
      530.34829999879,
      506.4509999975562,
      535.6911999993026,
      532.7880000025034,
      542.5194000005722,
      545.8379999995232,
      567.4351999983191,
      396.1333000026643,
      323.30209999904037,
      340.45380000025034,
      398.6992000006139,
      344.6900999993086,
      346.3837999999523,
      499.5713999979198,
      570.0040000006557,
      519.8222000002861,
      366.78489999845624,
      562.5309000015259,
      572.0452000014484,
      559.1308000013232,
      581.5648000016809,
      513.924699999392,
      521.0777000002563,
      505.49689999967813,
      497.604699999094,
      354.11969999969006,
      533.1429999992251,
      428.2001999989152,
      566.3491999991238,
      517.0987000018358,
      520.9743000008166,
      521.6669999994338,
      547.2527000010014,
      503.69029999896884,
      561.7445000000298,
      502.85110000148416,
      495.8492000028491,
      477.1900000013411,
      360.18899999931455,
      511.93520000204444,
      531.6425000019372,
      586.6195000000298,
      507.7782000005245,
      540.2423000000417,
      599.1601999998093,
      519.3832000009716,
      510.0670999996364,
      569.4972999989986,
      559.9174000024796,
      591.5095000006258,
      557.9930999986827,
      519.0043000020087,
      524.9677000008523,
      518.6088000014424,
      520.1711999997497,
      558.3935000002384,
      530.3836000002921,
      552.8616000004113,
      526.7239999994636,
      528.1402999982238,
      551.7413999997079,
      532.2659000009298,
      479.2804000005126,
      514.2611999996006,
      479.2529999986291,
      601.9281000010669,
      549.1404000036418,
      489.18470000103116,
      575.0023000016809,
      576.2032000012696,
      589.8536999970675,
      524.681400001049,
      551.3457999974489,
      513.4877999983728,
      496.4902000017464,
      573.9916999973357,
      552.2958999983966,
      523.0648000016809,
      563.1882000006735,
      534.15170000121,
      556.5180000029504,
      601.9039999991655,
      571.3417000025511,
      565.022199999541,
      552.8663000017405,
      581.5758999995887,
      519.9902999997139,
      574.7537999972701,
      514.9734999984503,
      542.4513000026345,
      512.5346000008285,
      546.4334999993443,
      592.1454000025988,
      632.0458000004292,
      606.7905000001192
    ]
  },