{
  "estado": "RJ3",
  "orgaos": [
    "rim",
    "figado"
  ],
  "insercoes_por_orgao": 32,
  "calls_por_orgao": 32,
  "tempo_total_seg": 32.496,
  "total_transacoes": 128,
  "throughput_tx_s": 3.939,
  "insert_media_ms_por_orgao": {
    "rim": 520.5128999999724,
    "figado": 514.7668843744323
  },
  "insert_desvio_ms_por_orgao": {
    "rim": 39.68063711817898,
    "figado": 45.58565923409356
  },
  "call_media_ms_por_orgao": {
    "rim": 492.283018750255,
    "figado": 497.82865312485956
  },
  "call_desvio_ms_por_orgao": {
    "rim": 73.39357514824073,
    "figado": 67.62580653625737
  },
  "total_media_ms_por_orgao": {
    "rim": 506.3979593751137,
    "figado": 506.2977687496459
  },
  "total_desvio_ms_por_orgao": {
    "rim": 60.661490802780456,
    "figado": 58.28702203929366
  },
  "total_media_ms_global": 506.3478640623798,
  "total_desvio_ms_global": 59.48612621320051,
  "create_latencias_ms_por_orgao": {
    "figado": [
      null
    ],
    "rim": [
      null
    ]
  },
  "insert_latencias_ms_por_orgao": {
    "figado": [
      455.46089999750257,
      500.416899997741,
      491.03099999949336,
      544.0557000003755,
      347.99340000003576,
      512.8775999993086,
      491.8702999986708,
      544.6550000011921,
      538.7061999998987,
      509.1590999998152,
      534.866700001061,
      538.4317000024021,
      498.5097000002861,
      555.0709000006318,
      543.5900999978185,
      511.0374999977648,
      496.03399999812245,
      573.1244000010192,
      536.3072999976575,
      546.9006000012159,
      552.3083999976516,
      535.7900000028312,
      542.4225999973714,
      510.0205999985337,
      546.8212999999523,
      503.944699998945,
      537.5192999988794,
      528.243599999696,
      552.9083999991417,
      500.6696999967098,
      386.9838999994099,
      504.8088000006974
    ],
    "rim": [
      458.931099999696,
      497.9961999990046,
      491.0448000021279,
      546.3161000013351,
      347.96260000020266,
      506.8104000017047,
      497.9067999981344,
      542.597500000149,
      538.758299998939,
      514.4103999994695,
      525.8680000007153,
      543.9482000023127,
      513.9611999988556,
      538.0725999996066,
      548.8876999989152,
      505.5379999987781,
      501.6958000026643,
      567.2705999985337,
      535.8804999999702,
      543.8891000002623,
      557.5234999991953,
      530.276399999857,
      548.5827999971807,
      506.9953000023961,
      549.5543999969959,
      507.6673000007868,
      522.4754000008106,
      545.1962999999523,
      552.6366999968886,
      499.68340000137687,
      566.0648999996483,
      502.0105000026524
    ]
  },
  "call_latencias_ms_por_orgao": {
    "figado": [
      507.63619999960065,
      523.3651000000536,
      527.8420999981463,
      534.222800001502,
      579.9074000008404,
      475.92170000076294,
      552.7701000012457,
      484.9872000031173,
      543.3702000007033,
      498.8487999998033,
      556.3676999993622,
      512.7386999987066,
      543.6894999966025,
      350.3141000010073,
      570.8464999981225,
      488.66110000014305,
      519.8112000003457,
      401.03489999845624,
      354.4763999991119,
      533.4211000017822,
      530.1031999997795,
      485.3174999989569,
      538.4780000001192,
      328.7762999981642,
      529.0058999992907,
      527.8715000003576,
      506.8137999996543,
      527.7080999985337,
      324.66359999775887,
      524.6961000002921,
      522.4798000007868,
      524.3703000023961
    ],
    "rim": [
      534.2872999981046,
      503.0810000002384,
      486.45540000125766,
      570.8380999974906,
      549.6747999973595,
      515.7155000008643,
      543.3589999973774,
      470.7858000025153,
      527.2233000025153,
      518.9369999989867,
      573.1576000005007,
      505.2538999989629,
      542.2102000005543,
      369.8771000020206,
      512.4615000002086,
      532.7617000006139,
      550.0097000002861,
      348.91620000079274,
      526.1671000011265,
      540.9143000021577,
      509.0854000002146,
      514.3964999988675,
      347.65269999951124,
      363.1777000017464,
      529.7892000004649,
      510.7137000001967,
      327.60200000181794,
      529.2773999981582,
      319.9494000002742,
      527.7901999987662,
      528.6300000026822,
      522.9059000015259
    ]
  },
  "erros": []
}