{
  "estado": "RJ3",
  "orgaos": [
    "rim"
  ],
  "insercoes_por_orgao": 32,
  "calls_por_orgao": 32,
  "tempo_total_seg": 30.306,
  "total_transacoes": 64,
  "throughput_tx_s": 2.112,
  "insert_media_ms_por_orgao": {
    "rim": 478.8682656252058
  },
  "insert_desvio_ms_por_orgao": {
    "rim": 43.75357755098706
  },
  "call_media_ms_por_orgao": {
    "rim": 465.495646874886
  },
  "call_desvio_ms_por_orgao": {
    "rim": 51.91532849567634
  },
  "total_media_ms_por_orgao": {
    "rim": 472.1819562500459
  },
  "total_desvio_ms_por_orgao": {
    "rim": 48.47159140901463
  },
  "total_media_ms_global": 472.1819562500459,
  "total_desvio_ms_global": 48.47159140901463,
  "create_latencias_ms_por_orgao": {
    "rim": [
      null
    ]
  },
  "insert_latencias_ms_por_orgao": {
    "rim": [
      414.3841999992728,
      502.7104000002146,
      482.4371000006795,
      480.4294000007212,
      485.38919999822974,
      491.64670000225306,
      487.97020000219345,
      491.763100001961,
      503.65390000119805,
      507.31650000065565,
      487.4218000024557,
      489.00239999964833,
      495.69109999760985,
      486.47100000083447,
      474.1516999974847,
      490.18189999833703,
      330.0940999984741,
      318.0683999992907,
      499.97990000247955,
      502.29289999976754,
      514.5311000011861,
      511.7107999995351,
      477.5245000012219,
      492.32119999825954,
      502.3526000007987,
      456.46980000287294,
      483.7195999994874,
      490.2950999997556,
      479.896099999547,
      491.66279999911785,
      494.3354000002146,
      507.9096000008285
    ]
  },
  "call_latencias_ms_por_orgao": {
    "rim": [
      469.5583999976516,
      489.7880999967456,
      487.3121000006795,
      495.87810000032187,
      518.720600001514,
      483.4103999994695,
      490.2651000022888,
      484.117800001055,
      466.4265000000596,
      501.08339999988675,
      454.21180000156164,
      499.74940000101924,
      319.68139999732375,
      340.8736000023782,
      481.84060000255704,
      483.3817999996245,
      493.70289999991655,
      485.77349999919534,
      483.7829999998212,
      480.2047000005841,
      499.7280000001192,
      463.5097999982536,
      479.47609999775887,
      340.69649999961257,
      327.5337000004947,
      479.81659999862313,
      471.9890000000596,
      479.26789999753237,
      492.26410000026226,
      472.61840000003576,
      483.44359999895096,
      495.7538000009954
    ]
  },
  "erros": []
}