{
  "estado": "RJ3",
  "orgaos": [
    "rim",
    "figado",
    "coracao",
    "pulmao"
  ],
  "insercoes_por_orgao": 64,
  "calls_por_orgao": 64,
  "tempo_total_seg": 95.231,
  "total_transacoes": 512,
  "throughput_tx_s": 5.376,
  "insert_media_ms_por_orgao": {
    "rim": 592.1864796872251,
    "figado": 563.5772562500788,
    "coracao": 583.3919203122496,
    "pulmao": 583.1964828124619
  },
  "insert_desvio_ms_por_orgao": {
    "rim": 146.25250721232305,
    "figado": 142.6995768179456,
    "coracao": 147.61735418764323,
    "pulmao": 158.76011629201693
  },
  "call_media_ms_por_orgao": {
    "rim": 894.2745281248935,
    "figado": 571.8262015625369,
    "coracao": 653.3909249997814,
    "pulmao": 807.6451718747849
  },
  "call_desvio_ms_por_orgao": {
    "rim": 2424.852448370944,
    "figado": 113.76196485323551,
    "coracao": 328.6250142584988,
    "pulmao": 2440.932913287453
  },
  "total_media_ms_por_orgao": {
    "rim": 743.2305039060593,
    "figado": 567.7017289063078,
    "coracao": 618.3914226560155,
    "pulmao": 695.4208273436234
  },
  "total_desvio_ms_por_orgao": {
    "rim": 1724.3734785047134,
    "figado": 129.11037220276594,
    "coracao": 257.1334416041418,
    "pulmao": 1733.2840027972807
  },
  "total_media_ms_global": 656.1861207030015,
  "total_desvio_ms_global": 1232.771109773567,
  "create_latencias_ms_por_orgao": {
    "figado": [
      null
    ],
    "coracao": [
      null
    ],
    "pulmao": [
      null
    ],
    "rim": [
      null
    ]
  },
  "insert_latencias_ms_por_orgao": {
    "figado": [
      514.8627000004053,
      341.7065000012517,
      347.1633999980986,
      499.4121000021696,
      708.1154999993742,
      675.8330000005662,
      392.132500000298,
      830.0777000002563,
      570.7602999992669,
      876.9642999991775,
      555.6431000009179,
      500.39890000224113,
      377.02519999817014,
      535.0904000028968,
      554.9779000021517,
      565.2952999994159,
      557.548599999398,
      520.0692999996245,
      579.0189000032842,
      528.8153000026941,
      549.1396000012755,
      542.4054999984801,
      560.1081999987364,
      544.0309000015259,
      681.9454000033438,
      440.3955999985337,
      593.4681000001729,
      672.1645000018179,
      560.7184999994934,
      511.12739999964833,
      566.5612999983132,
      554.8344999998808,
      585.19280000031,
      842.8004000000656,
      546.3702999986708,
      863.7399999983609,
      367.3572000004351,
      538.0649999976158,
      549.0087999999523,
      541.3192999996245,
      534.9569999985397,
      550.8596999980509,
      524.2355000004172,
      568.9074000008404,
      477.6838000006974,
      743.3748000003397,
      531.9005999974906,
      558.0905000008643,
      527.5719000026584,
      447.78020000085235,
      376.0845999978483,
      334.95120000094175,
      500.9923000000417,
      769.7938999980688,
      551.902499999851,
      382.9492999985814,
      822.7941999994218,
      605.1044999994338,
      366.96180000156164,
      384.76160000264645,
      568.3354000002146,
      1111.5186999998987,
      543.9618999995291,
      641.806899998337
    ],
    "coracao": [
      513.5318999998271,
      634.2808999978006,
      409.1381999999285,
      492.8592999987304,
      346.25439999997616,
      673.4673999994993,
      393.4198000021279,
      360.8039999976754,
      514.1660999991,
      523.9222000017762,
      542.2608000002801,
      529.8263999968767,
      382.72369999811053,
      495.1688999980688,
      848.632500000298,
      600.2956000007689,
      582.8845000006258,
      902.4587000012398,
      706.4692999981344,
      566.2324000000954,
      1060.3236999996006,
      572.3357000015676,
      558.9964000023901,
      379.9724999964237,
      710.0540999993682,
      624.0396999977529,
      376.0036999993026,
      337.6681999973953,
      519.1053999997675,
      518.4398999996483,
      550.8925999999046,
      576.8932000026107,
      592.2955999970436,
      829.3718999996781,
      547.2862000018358,
      522.6497000008821,
      707.5149999968708,
      1048.8852999992669,
      571.1374000012875,
      543.2366000004113,
      547.8352000005543,
      537.9244999997318,
      558.6195000000298,
      466.08850000053644,
      754.0630999989808,
      537.0608999989927,
      561.8986999988556,
      514.7281999997795,
      460.576099999249,
      671.4068999998271,
      532.5445000007749,
      758.1508000008762,
      570.6609999984503,
      733.472199998796,
      510.73209999874234,
      585.0399000011384,
      705.061700001359,
      575.522199999541,
      576.2324000000954,
      624.5447999984026,
      699.1158000007272,
      773.9348000027239,
      542.8511000014842,
      373.1182000003755
    ],
    "pulmao": [
      513.0976999998093,
      662.2784000001848,
      394.61300000175834,
      487.7910000011325,
      360.5362000018358,
      688.7983000017703,
      361.6707000024617,
      839.2357000000775,
      554.138100001961,
      879.9803999997675,
      565.007500000298,
      502.1700999997556,
      853.5761999972165,
      598.8381999991834,
      579.1730000004172,
      540.334399998188,
      533.2181000001729,
      570.7573999986053,
      530.2765999995172,
      541.4778999984264,
      551.202199999243,
      557.3403999991715,
      550.5856999978423,
      380.2302000001073,
      710.9779000021517,
      602.3004000000656,
      398.6553000025451,
      341.2837999984622,
      519.8797999992967,
      712.0744999982417,
      539.8964999988675,
      391.25360000133514,
      566.2405999973416,
      839.8819999992847,
      554.2107000015676,
      530.9553000032902,
      687.9926999993622,
      541.2864000014961,
      564.5976000018418,
      1030.9382000006735,
      594.9078000001609,
      1023.6690999977291,
      531.3660000003874,
      357.6168999969959,
      399.99439999833703,
      536.9283999986947,
      546.0144999995828,
      517.7826000005007,
      465.43810000270605,
      713.7921000011265,
      515.4453999996185,
      731.2256999984384,
      562.7956000007689,
      374.67500000074506,
      376.06230000033975,
      494.08130000159144,
      582.9416999965906,
      683.3176999986172,
      612.5949999988079,
      591.5016999989748,
      1072.758100003004,
      613.6829999983311,
      591.7807999998331,
      705.4490000009537
    ],