{
  "estado": "RJ3",
  "orgaos": [
    "rim",
    "figado",
    "coracao",
    "pulmao"
  ],
  "insercoes_por_orgao": 32,
  "calls_por_orgao": 32,
  "tempo_total_seg": 37.942,
  "total_transacoes": 256,
  "throughput_tx_s": 6.747,
  "insert_media_ms_por_orgao": {
    "rim": 561.4330937494524,
    "figado": 572.7755031251581,
    "coracao": 549.5207218751311,
    "pulmao": 615.0059281249996
  },
  "insert_desvio_ms_por_orgao": {
    "rim": 98.25374705303132,
    "figado": 139.9393666226599,
    "coracao": 90.84176763168698,
    "pulmao": 212.5148943961003
  },
  "call_media_ms_por_orgao": {
    "rim": 562.8090406254632,
    "figado": 569.5666781243635,
    "coracao": 603.4873125001322,
    "pulmao": 567.6732687499607
  },
  "call_desvio_ms_por_orgao": {
    "rim": 96.98804576959648,
    "figado": 138.53485459448504,
    "coracao": 149.54104550472786,
    "pulmao": 103.66597999995659
  },
  "total_media_ms_por_orgao": {
    "rim": 562.1210671874578,
    "figado": 571.1710906247608,
    "coracao": 576.5040171876317,
    "pulmao": 591.3395984374802
  },
  "total_desvio_ms_por_orgao": {
    "rim": 97.62537182277259,
    "figado": 139.24812484771417,
    "coracao": 126.63125105782484,
    "pulmao": 168.8629711797317
  },
  "total_media_ms_global": 575.2839433593326,
  "total_desvio_ms_global": 135.94151296065098,
  "create_latencias_ms_por_orgao": {
    "rim": [
      null
    ],
    "figado": [
      null
    ],
    "coracao": [
      null
    ],
    "pulmao": [
      null
    ]
  },
  "insert_latencias_ms_por_orgao": {
    "rim": [
      512.8315000012517,
      850.2867999970913,
      597.7900000028312,
      558.7613999992609,
      557.5614999979734,
      571.6834000013769,
      493.11259999871254,
      538.2426999993622,
      567.0540999993682,
      555.3026999980211,
      580.2967999987304,
      518.479699999094,
      853.075900003314,
      683.3214999996126,
      551.825600001961,
      558.2056999988854,
      581.374399997294,
      575.4466999992728,
      484.1920999996364,
      556.3850999996066,
      545.4762999974191,
      546.701400000602,
      542.1844999976456,
      527.4107000008225,
      509.63109999895096,
      478.14499999955297,
      373.47819999977946,
      361.9805999994278,
      513.1458999998868,
      697.4262999966741,
      567.062800001353,
      557.9859999977052
    ],
    "figado": [
      495.3293000012636,
      353.48790000006557,
      559.7648999989033,
      560.9765000008047,
      542.3159999996424,
      1101.5179000012577,
      528.9283999986947,
      541.5782999992371,
      558.422499999404,
      567.2813999988139,
      581.7766999974847,
      502.2120999991894,
      864.5590000003576,
      682.9094999991357,
      537.4539999999106,
      576.964999999851,
      579.3206000030041,
      558.7166000008583,
      495.09349999949336,
      551.5646999999881,
      545.1824000030756,
      539.8691000007093,
      554.1103999987245,
      536.4332000017166,
      492.1740000024438,
      501.6896000020206,
      371.37020000070333,
      819.5586000010371,
      393.7124999985099,
      548.1805000007153,
      545.1845999993384,
      741.1761999987066
    ],
    "coracao": [
      503.5300999991596,
      866.3857000023127,
      590.304200001061,
      549.0720999985933,
      545.2402000017464,
      594.4596000015736,
      494.88789999857545,
      541.5938000008464,
      569.95189999789,
      553.0490000024438,
      585.5637000016868,
      496.59480000287294,
      529.1636999994516,
      537.7439999990165,
      521.1917999982834,
      511.15230000019073,
      571.0939999967813,
      576.2647999972105,
      572.3998000025749,
      475.965799998492,
      569.2613999992609,
      545.6092000007629,
      533.9074000008404,
      553.4851999990642,
      524.1454000025988,
      497.2334000021219,
      495.4653999991715,
      377.44060000032187,
      824.368599999696,
      381.992000002414,
      556.5623999983072,
      539.5828999988735
    ],
    "pulmao": [
      495.11979999765754,
      343.6231999993324,
      569.0694999992847,
      555.3199000023305,
      552.5591000020504,
      1093.1997999995947,
      529.2591000013053,
      534.5637000016868,
      569.1466999985278,
      564.6491999998689,
      584.9402000010014,
      505.6873999983072,
      528.9747000001371,
      1527.3522999994457,
      602.2505999989808,
      576.0758999995887,
      570.0208000019193,
      496.64919999986887,
      555.1156999990344,
      548.681099999696,
      880.0648999996483,
      694.3291999995708,
      494.15060000121593,
      531.2177999988198,
      391.78989999741316,
      819.1754000000656,
      749.5315999984741,
      548.2465000003576,
      557.8811000026762,
      551.5036000013351,
      589.1422000005841,
      570.8990000002086
    ]
  },
  "call_latencias_ms_por_orgao": {
    "rim": [
      549.7682000026107,
      585.7675999999046,
      563.1682000011206,
      566.123900000006,
      557.0033999979496,
      541.7648999989033,
      534.6444999985397,
      519.3911000005901,
      579.6686000004411,
      713.0441999994218,
      856.9807000011206,
      526.1458000019193,
      576.8266000002623,
      546.8698000013828,
      542.4851000010967,
      507.1709000021219,
      552.6326000019908,
      555.9193000011146,
      538.7476000003517,
      574.2765000015497,
      372.07840000092983,
      541.716899998486,
      850.826400000602,
      509.97780000045896,
      573.917500000447,
      514.632500000298,
      540.9197999984026,
      497.28570000082254,
      533.3244000002742,
      500.9354999996722,
      695.123900000006,
      390.75100000202656
    ],
    "figado": [
      727.7540999986231,
      618.2486999966204,
      1064.2280000001192,
      548.4467999972403,
      576.8130999989808,
      526.0525000020862,
      572.8137999996543,
      372.9239999987185,
      398.78689999878407,
      806.9541999995708,
      522.9233000017703,
      561.8420000001788,
      552.4572999998927,
      544.8496000021696,
      513.2634999975562,
      551.5185000002384,
      556.9957999996841,
      532.9956000000238,
      576.2238999977708,
      866.3719999976456,
      357.2560000009835,
      579.9758999980986,
      478.0582999996841,
      564.7190999984741,
      519.0543999969959,
      544.7820999994874,
      500.69610000029206,
      523.0662999972701,
      486.75950000062585,
      704.5095000006258,
      395.2622999995947,
      579.5306000001729
    ],
    "coracao": [
      713.7012999989092,
      760.8339000009,
      616.9417000003159,
      559.849099997431,
      552.4734000004828,
      551.4122000001371,
      516.0045000016689,
      535.8153000026941,
      560.6958000026643,
      381.45329999923706,
      397.2120000012219,
      807.4583000019193,
      520.9956000000238,
      573.5423000007868,
      546.8169999979436,
      555.5054999999702,
      504.04409999772906,
      1060.1842999979854,
      588.1990000009537,
      567.2618000023067,
      872.0641999989748,
      893.9500999972224,
      513.4270000010729,
      554.8304000012577,
      533.5058999992907,
      543.4320000000298,
      478.58219999819994,
      547.0935000032187,
      809.0260000005364,
      431.41950000077486,
      738.7474000006914,
      525.1153999976814
    ],