{
  "estado": "RJ3",
  "orgaos": [
    "rim"
  ],
  "insercoes_por_orgao": 128,
  "calls_por_orgao": 128,
  "tempo_total_seg": 123.593,
  "total_transacoes": 256,
  "throughput_tx_s": 2.071,
  "insert_media_ms_por_orgao": {
    "rim": 479.30026015650947
  },
  "insert_desvio_ms_por_orgao": {
    "rim": 36.335643319923314
  },
  "call_media_ms_por_orgao": {
    "rim": 485.3242757814296
  },
  "call_desvio_ms_por_orgao": {
    "rim": 49.96514665217053
  },
  "total_media_ms_por_orgao": {
    "rim": 482.31226796896954
  },
  "total_desvio_ms_por_orgao": {
    "rim": 43.78892118772872
  },
  "total_media_ms_global": 482.31226796896954,
  "total_desvio_ms_global": 43.78892118772872,
  "create_latencias_ms_por_orgao": {
    "rim": [
      null
    ]
  },
  "insert_latencias_ms_por_orgao": {
    "rim": [
      327.83799999952316,
      465.97860000282526,
      483.0324000008404,
      470.49929999932647,
      525.4125000014901,
      473.5590999983251,
      470.04460000246763,
      476.1540000028908,
      318.57840000092983,
      499.6420000009239,
      448.1283999979496,
      483.3792999982834,
      485.6151999980211,
      479.58729999884963,
      488.54169999808073,
      469.70930000022054,
      477.222500000149,
      464.4680000022054,
      471.8332000002265,
      467.46680000051856,
      475.94649999961257,
      484.18989999964833,
      487.7562999986112,
      483.9683999978006,
      471.548599999398,
      488.0093999989331,
      479.9336000010371,
      482.25360000133514,
      473.26420000195503,
      475.64120000228286,
      508.35109999775887,
      455.96009999886155,
      488.12050000205636,
      508.7366000004113,
      462.8719999976456,
      491.570000000298,
      484.32039999961853,
      475.1748999990523,
      489.1498000025749,
      480.9842999987304,
      501.39160000160336,
      465.64290000125766,
      484.6739999987185,
      481.67750000208616,
      476.14930000156164,
      495.9041000008583,
      475.39299999922514,
      476.2748000025749,
      485.98249999806285,
      487.8830000013113,
      489.51929999887943,
      479.9594999998808,
      476.64929999783635,
      483.4409999996424,
      496.89079999923706,
      498.67889999970794,
      492.3260000012815,
      483.35579999908805,
      504.29039999842644,
      483.52089999988675,
      486.9353999979794,
      519.5102000012994,
      448.2390000000596,
      479.8031999990344,
      500.1151999980211,
      475.5949999988079,
      484.65140000358224,
      481.55550000071526,
      489.4936999976635,
      477.3028999976814,
      490.2900000028312,
      503.8966000005603,
      484.1132000014186,
      494.40230000019073,
      517.5789999999106,
      463.50360000133514,
      481.777499999851,
      345.9983999989927,
      334.3178999982774,
      477.6427000015974,
      488.5819000005722,
      496.36080000177026,
      487.3808999992907,
      486.1326000019908,
      486.43779999762774,
      488.53350000083447,
      489.91530000045896,
      488.29839999973774,
      488.1259000003338,
      484.6811000034213,
      486.1447999998927,
      483.9337000027299,
      518.0634000003338,
      477.8310000002384,
      495.9087000004947,
      504.5653999969363,
      492.826400000602,
      484.14380000159144,
      486.41110000014305,
      509.04160000011325,
      493.8454999998212,
      489.2613000012934,
      494.5189999975264,
      483.6268000006676,
      506.0886000022292,
      507.875300001353,
      508.16200000047684,
      496.7688999995589,
      510.589999999851,
      481.05810000002384,
      483.31109999865294,
      507.21140000224113,
      516.5369000025094,
      479.2146000005305,
      484.12559999898076,
      496.67380000278354,
      510.91780000180006,
      472.35159999877214,
      499.4138000011444,
      501.96600000187755,
      499.4387000016868,
      495.62990000098944,
      503.34899999946356,
      475.96760000288486,
      476.180600002408,
      339.714999999851,
      304.70500000193715,
      457.8420000001788
    ]
  },
  "call_latencias_ms_por_orgao": {
    "rim": [
      469.9345999993384,
      491.3530000001192,
      492.3711999990046,
      515.2223000004888,
      505.00099999830127,
      528.022199999541,
      498.6270000003278,
      487.2030999995768,
      500.88659999892116,
      516.9544999971986,
      490.1451999992132,
      456.97859999909997,
      515.3515000008047,
      483.25019999966025,
      502.41100000217557,
      521.7358999997377,
      482.88159999996424,
      491.6330000013113,
      492.22819999977946,
      519.5701999999583,
      491.5531000010669,
      497.5486999973655,
      501.9915000014007,
      491.86080000177026,
      487.63370000198483,
      510.95719999819994,
      473.15739999711514,
      495.88320000097156,
      496.92039999738336,
      518.6138999983668,
      491.53489999845624,
      509.2195000015199,
      491.1689999997616,
      500.90010000020266,
      502.23579999804497,
      504.39919999986887,
      485.1495999991894,
      490.075600001961,
      343.9028999991715,
      461.1097999997437,
      498.5362999998033,
      504.32880000025034,
      563.6102999970317,
      497.2127999998629,
      510.7952999994159,
      499.53819999843836,
      520.064399998635,
      476.6913000009954,
      499.46000000089407,
      484.8932999968529,
      502.3551000021398,
      495.7749000005424,
      487.8700000010431,
      491.4805999994278,
      503.7997000031173,
      500.2908999994397,
      347.5186000019312,
      491.082800000906,
      509.9338000006974,
      517.506400000304,
      507.8567999973893,
      500.3240000009537,
      501.21210000291467,
      502.9767999984324,
      501.05599999800324,
      491.4164999984205,
      522.4373000003397,
      494.46860000118613,
      505.57799999788404,
      507.9173000007868,
      517.5296000018716,
      510.7195999994874,
      478.6428000032902,
      514.1929999999702,
      481.4851000010967,
      475.971700001508,
      517.5883999988437,
      452.5228999964893,
      495.7989999987185,
      507.78950000181794,
      467.8374999985099,
      471.8058000020683,
      503.64300000295043,
      322.1075999997556,
      339.8192999996245,
      473.8027999997139,
      481.9202999994159,
      337.37229999899864,
      506.263100001961,
      489.4021000005305,
      491.3024000003934,
      504.5494000017643,
      488.1380000002682,
      502.15689999982715,
      505.2318000011146,
      712.43219999969,
      340.2633999995887,
      326.98629999905825,
      511.6840000003576,
      475.79460000246763,
      487.91660000011325,
      492.0925999991596,
      496.0963000021875,
      499.78099999949336,
      477.1014000028372,
      498.0397000014782,
      516.5214000009,
      492.1119000017643,
      506.2740000002086,
      499.18730000033975,
      471.6116000004113,
      509.0376000031829,
      506.4201999977231,
      485.0894999988377,
      483.5772000029683,
      487.555300001055,
      492.3525000028312,
      495.56940000131726,
      335.8793000020087,
      457.0764999985695,
      467.10020000115037,
      466.12310000136495,
      499.49089999869466,
      489.6465000025928,
      324.0452999994159,
      342.4055000022054,
      501.5434000007808,
      491.5426000021398
    ]
  },
  "erros": []
}