{
  "estado": "RJ3",
  "orgaos": [
    "rim"
  ],
  "insercoes_por_orgao": 64,
  "calls_por_orgao": 64,
  "tempo_total_seg": 61.437,
  "total_transacoes": 128,
  "throughput_tx_s": 2.083,
  "insert_media_ms_por_orgao": {
    "rim": 493.50791093776934
  },
  "insert_desvio_ms_por_orgao": {
    "rim": 128.67931575188618
  },
  "call_media_ms_por_orgao": {
    "rim": 464.9889046876924
  },
  "call_desvio_ms_por_orgao": {
    "rim": 59.06761085090896
  },
  "total_media_ms_por_orgao": {
    "rim": 479.2484078127309
  },
  "total_desvio_ms_por_orgao": {
    "rim": 101.12867005145972
  },
  "total_media_ms_global": 479.2484078127309,
  "total_desvio_ms_global": 101.12867005145972,
  "create_latencias_ms_por_orgao": {
    "rim": [
      null
    ]
  },
  "insert_latencias_ms_por_orgao": {
    "rim": [
      433.62820000201464,
      491.7220999971032,
      480.62020000070333,
      499.37519999966025,
      479.52340000122786,
      488.3514000028372,
      333.82120000198483,
      484.6444999985397,
      493.2969999983907,
      483.9407999999821,
      498.00730000063777,
      477.659699998796,
      482.1583999991417,
      489.57379999756813,
      491.69709999859333,
      475.79410000145435,
      479.67800000309944,
      480.52679999917746,
      322.1975999996066,
      491.3673000000417,
      490.013599999249,
      499.6739999987185,
      472.3027000017464,
      484.3447000011802,
      479.0628999993205,
      498.54109999909997,
      333.1027000024915,
      480.1693000011146,
      499.19660000130534,
      476.30260000005364,
      479.5710000023246,
      500.0663999989629,
      492.5549000017345,
      479.0904000028968,
      501.72999999672174,
      474.31860000267625,
      484.978900000453,
      476.70250000059605,
      481.83089999854565,
      487.6515999995172,
      513.8451999984682,
      470.1296000033617,
      480.18050000071526,
      525.922499999404,
      461.70670000091195,
      475.6156999990344,
      483.7157000005245,
      477.9754999987781,
      490.04169999808073,
      479.3447000011802,
      486.2676999978721,
      509.89250000193715,
      488.16150000318885,
      476.3323999978602,
      496.2296000011265,
      484.72269999980927,
      495.33550000190735,
      495.0355999991298,
      479.91870000213385,
      465.9492000006139,
      485.652499999851,
      493.5841000005603,
      1475.5974000021815,
      464.5595999993384
    ]
  },
  "call_latencias_ms_por_orgao": {
    "rim": [
      490.94980000332,
      483.60319999977946,
      500.4413000009954,
      464.4213999994099,
      492.21469999849796,
      460.17469999939203,
      487.7532999999821,
      347.54289999976754,
      326.7027999982238,
      485.30089999735355,
      491.73030000180006,
      322.33590000122786,
      293.8979000002146,
      484.7875000014901,
      502.93980000168085,
      514.9796000011265,
      468.3205999992788,
      503.777800001204,
      475.7532999999821,
      483.68479999899864,
      500.29029999673367,
      479.8209999985993,
      326.10029999911785,
      347.81570000201464,
      487.6787000000477,
      489.617000002414,
      495.6156999990344,
      519.3872999995947,
      468.60500000044703,
      471.7465000003576,
      486.42880000174046,
      521.1455000005662,
      463.9586000032723,
      475.21000000089407,
      490.62650000303984,
      487.1878999993205,
      490.00779999792576,
      477.751599997282,
      481.79829999804497,
      471.5740000009537,
      474.3564000017941,
      517.7664999999106,
      284.7626000009477,
      486.6233000010252,
      502.8095000013709,
      489.07239999994636,
      502.88079999759793,
      479.48620000109076,
      495.4699999988079,
      489.40139999985695,
      479.25280000269413,
      487.0945999994874,
      505.24350000172853,
      460.44200000166893,
      501.78529999777675,
      496.832000002265,
      476.5042999982834,
      321.73840000107884,
      346.15269999951124,
      479.68259999901056,
      499.66279999911785,
      507.7674000002444,
      478.9087000004947,
      481.9147000014782
    ]
  },
  "erros": []
}