{
  "estado": "RJ3",
  "orgaos": [
    "rim",
    "figado"
  ],
  "insercoes_por_orgao": 64,
  "calls_por_orgao": 64,
  "tempo_total_seg": 65.87,
  "total_transacoes": 256,
  "throughput_tx_s": 3.886,
  "insert_media_ms_por_orgao": {
    "rim": 498.9582468747976,
    "figado": 513.3109500001301
  },
  "insert_desvio_ms_por_orgao": {
    "rim": 71.4920159642017,
    "figado": 65.39298277227388
  },
  "call_media_ms_por_orgao": {
    "rim": 507.77057656273246,
    "figado": 514.3526437501423
  },
  "call_desvio_ms_por_orgao": {
    "rim": 69.07515885975062,
    "figado": 56.023611885756274
  },
  "total_media_ms_por_orgao": {
    "rim": 503.36441171876504,
    "figado": 513.8317968751362
  },
  "total_desvio_ms_por_orgao": {
    "rim": 70.43193343714869,
    "figado": 60.89100856249291
  },
  "total_media_ms_global": 508.5981042969506,
  "total_desvio_ms_global": 66.04224120764846,
  "create_latencias_ms_por_orgao": {
    "rim": [
      null
    ],
    "figado": [
      null
    ]
  },
  "insert_latencias_ms_por_orgao": {
    "rim": [
      485.7344999983907,
      522.5355999991298,
      533.9488000012934,
      515.0295000001788,
      518.4708000011742,
      520.8759999983013,
      518.5205999985337,
      524.7509999983013,
      523.5603999979794,
      524.4052999988198,
      506.8142000027001,
      510.0649999976158,
      522.673299998045,
      514.0027999989688,
      518.0441999994218,
      522.5265000015497,
      513.0589000023901,
      535.8844999969006,
      498.5772999972105,
      346.4418000020087,
      523.1754000000656,
      535.0547000020742,
      541.9858000017703,
      550.1840000003576,
      551.5194999985397,
      563.3212000019848,
      337.4002000018954,
      335.85280000045896,
      337.0203999988735,
      364.61510000005364,
      506.417999997735,
      531.4199000000954,
      536.0252000018954,
      507.73830000311136,
      526.1218999996781,
      522.2239999994636,
      335.13749999925494,
      495.9252000004053,
      349.7694999985397,
      542.8148999996483,
      401.6220000013709,
      378.21179999783635,
      501.2264999970794,
      555.9099999964237,
      551.9243000000715,
      573.778599999845,
      579.9243000000715,
      541.6460000015795,
      569.8134000003338,
      544.0318000018597,
      559.4669000022113,
      548.3289999999106,
      548.0958000011742,
      539.466899998486,
      552.4863999970257,
      555.2603999972343,
      547.699500001967,
      590.0359000004828,
      496.021099999547,
      347.61339999735355,
      385.57999999821186,
      498.160000000149,
      374.2390000000596,
      523.1403000019491
    ],
    "figado": [
      489.0657999999821,
      526.1409000009298,
      527.848600000143,
      517.4282999970019,
      518.2952999994159,
      521.1556999981403,
      518.785000000149,
      537.7206999994814,
      515.2631999999285,
      514.2216999977827,
      511.7065000012517,
      508.2626000009477,
      524.7961999997497,
      512.2884999997914,
      519.7397000007331,
      513.7355000004172,
      525.2895999997854,
      532.2910999991,
      493.6549000032246,
      338.28570000082254,
      529.0689999982715,
      546.3942999988794,
      541.2496000006795,
      541.528100002557,
      560.0661000013351,
      563.6004000008106,
      505.5493000000715,
      342.53099999949336,
      326.7762000001967,
      537.4351000003517,
      500.0962000004947,
      535.589999999851,
      536.9580999985337,
      503.82200000062585,
      543.3718000017107,
      333.6462000012398,
      503.58710000291467,
      337.9471000023186,
      557.172499999404,
      560.257800001651,
      562.922800000757,
      503.63120000064373,
      559.7935000024736,
      565.124399997294,
      559.1683000028133,
      570.2866000011563,
      543.6001000031829,
      551.8225000016391,
      564.632999997586,
      562.3216999992728,
      547.9463999979198,
      542.575300000608,
      545.1915000006557,
      554.9473999999464,
      556.6693999990821,
      544.0961999967694,
      529.5431999973953,
      547.7953999973834,
      548.9406000003219,
      344.90469999983907,
      336.3454999998212,
      511.8998000025749,
      604.1970999985933,
      520.9208000004292
    ]
  },
  "call_latencias_ms_por_orgao": {
    "rim": [
      579.0098999999464,
      513.1969000026584,
      563.3604000024498,
      531.9842999987304,
      582.3627999983728,
      551.7659999988973,
      345.8463000021875,
      564.8227000012994,
      548.9956000000238,
      550.4618000015616,
      553.7732000015676,
      524.6312999986112,
      541.4873999990523,
      563.3853000029922,
      570.5580000020564,
      535.9151000007987,
      548.8643999993801,
      529.6141000017524,
      509.6799000017345,
      516.6217999979854,
      529.5822999998927,
      344.29320000112057,
      337.9459000006318,
      335.2815999984741,
      557.6875,
      525.6853000000119,
      492.74220000207424,
      529.937800001353,
      548.1708999983966,
      553.4415999986231,
      493.4232000000775,
      532.5280999988317,
      534.688299998641,
      540.986700002104,
      337.6224000006914,
      494.0523000024259,
      557.3401999995112,
      528.4463999979198,
      542.0069000013173,
      540.3549999967217,
      545.5502999983728,
      503.7617999985814,
      513.0879999995232,
      548.541700001806,
      536.9814000017941,
      492.0516000017524,
      393.82620000094175,
      551.1147000007331,
      548.8187999986112,
      347.4059000015259,
      509.0295999981463,
      324.83049999922514,
      399.229699999094,
      401.41579999774694,
      557.8394999988377,
      527.4081999994814,
      480.2097999975085,
      524.6132999993861,
      534.6421000026166,
      559.6125999987125,
      517.98560000211,
      539.7814000025392,
      536.8562000021338,
      520.1672000028193
    ],
    "figado": [
      529.9101999998093,
      572.575600001961,
      570.9908000007272,
      556.2353999987245,
      527.5720999985933,
      563.3731999993324,
      545.5665999986231,
      554.0450000017881,
      541.0163000002503,
      533.8847000002861,
      536.5111999996006,
      566.8837999999523,
      563.5428000018001,
      544.8409000001848,
      548.4843000024557,
      524.5164999999106,
      514.7474000006914,
      511.8665999993682,
      534.7463000006974,
      347.8982000015676,
      494.89130000025034,
      375.7230999991298,
      536.069699998945,
      346.05939999967813,
      497.4118000008166,
      525.396099999547,
      548.2364999987185,
      548.3579000011086,
      498.4978000000119,
      527.7782000005245,
      538.0516999997199,
      545.8350000008941,
      337.4274000003934,
      494.2541000023484,
      549.1783999986947,
      528.2772000022233,
      546.9052000008523,
      539.0238999985158,
      545.459699999541,
      503.6240999996662,
      517.9333000034094,
      543.7899000011384,
      536.943900000304,
      491.9547999985516,
      579.7881000004709,
      548.3797999992967,
      549.3776999972761,
      508.5646000020206,
      488.85110000148416,
      404.02510000020266,
      393.3759000003338,
      384.68820000067353,
      531.230799999088,
      496.5460000000894,
      487.06700000166893,
      557.424200002104,
      546.5200999975204,
      523.4039999991655,
      550.6171000003815,
      530.0129000023007,
      544.3109999969602,
      504.33589999750257,
      478.46099999919534,
      505.30040000006557
    ]
  },
  "erros": []
}