{
  "estado": "RJ3",
  "orgaos": [
    "rim",
    "figado"
  ],
  "insercoes_por_orgao": 32,
  "calls_por_orgao": 32,
  "tempo_total_seg": 30.977,
  "total_transacoes": 128,
  "throughput_tx_s": 4.132,
  "insert_media_ms_por_orgao": {
    "rim": 504.1884249999421,
    "figado": 572.3815906250384
  },
  "insert_desvio_ms_por_orgao": {
    "rim": 490.4461010801556,
    "figado": 476.1028478465927
  },
  "call_media_ms_por_orgao": {
    "rim": 461.5358531253878,
    "figado": 367.42374375031795
  },
  "call_desvio_ms_por_orgao": {
    "rim": 390.0259158889016,
    "figado": 292.582258634457
  },
  "total_media_ms_por_orgao": {
    "rim": 482.86213906266494,
    "figado": 469.90266718767816
  },
  "total_desvio_ms_por_orgao": {
    "rim": 443.6029835750995,
    "figado": 408.2169516893172
  },
  "total_media_ms_global": 476.38240312517155,
  "total_desvio_ms_global": 426.3265536175806,
  "create_latencias_ms_por_orgao": {
    "figado": [
      null
    ],
    "rim": [
      null
    ]
  },
  "insert_latencias_ms_por_orgao": {
    "figado": [
      236.5045999996364,
      250.5164000019431,
      226.31699999794364,
      283.36089999973774,
      231.25909999758005,
      798.5229000002146,
      224.50190000236034,
      1347.4053000025451,
      236.95919999852777,
      224.73449999839067,
      1232.3891000002623,
      1523.1783000007272,
      277.5654999986291,
      303.18349999934435,
      549.9499999992549,
      325.02890000119805,
      1290.3028000034392,
      317.8962000012398,
      312.80519999936223,
      327.2366000004113,
      315.29169999808073,
      230.4915000014007,
      229.3429000005126,
      1591.876099999994,
      234.40549999848008,
      1366.90170000121,
      238.69109999760985,
      338.68000000342727,
      322.26289999857545,
      323.1886999979615,
      1301.373100001365,
      1304.087799999863
    ],
    "rim": [
      1375.9133000001311,
      220.67169999703765,
      1238.3779000006616,
      1229.5531999990344,
      1379.5804999992251,
      1253.9049999974668,
      225.44189999997616,
      314.3195999972522,
      329.3876000009477,
      300.6755999997258,
      230.75989999994636,
      324.81479999795556,
      241.16099999845028,
      265.12270000204444,
      227.1706000007689,
      235.89519999921322,
      346.1804000027478,
      308.903599999845,
      304.7423999980092,
      319.5346000008285,
      2297.2256999984384,
      334.9530000016093,
      301.9662999995053,
      226.18019999936223,
      232.7862999998033,
      255.9215000011027,
      240.20509999990463,
      318.4869999997318,
      331.87140000239015,
      389.4189000017941,
      293.507500000298,
      239.3952000029385
    ]
  },
  "call_latencias_ms_por_orgao": {
    "figado": [
      238.35320000350475,
      230.7791999988258,
      228.9015999995172,
      224.37110000103712,
      295.48210000246763,
      298.35190000012517,
      341.09950000047684,
      306.0949000008404,
      322.82369999960065,
      309.63619999960065,
      220.1457000002265,
      322.4103999994695,
      322.8944999985397,
      316.19409999996424,
      327.4640999995172,
      226.81770000234246,
      250.750499997288,
      227.291400000453,
      233.24459999799728,
      1244.2243000008166,
      227.42500000074506,
      325.9270000010729,
      310.07319999858737,
      224.98750000074506,
      242.31140000000596,
      254.60539999976754,
      221.9857000000775,
      1229.5202000029385,
      345.416400000453,
      1324.556099999696,
      227.02640000358224,
      336.3947999998927
    ],
    "rim": [
      236.91310000047088,
      227.40489999949932,
      235.96720000356436,
      1341.8097000010312,
      1486.8062000013888,
      335.7034999988973,
      304.74590000137687,
      325.86419999971986,
      318.69649999961257,
      553.8489999994636,
      315.99509999901056,
      323.7302000001073,
      339.04839999973774,
      1226.462799999863,
      225.40140000358224,
      1257.693400003016,
      1315.9036999978125,
      271.0118000023067,
      223.70589999854565,
      810.438599999994,
      221.72430000081658,
      308.02800000086427,
      312.7935999967158,
      217.66959999874234,
      224.4497999995947,
      222.98550000041723,
      223.83040000125766,
      345.96930000185966,
      311.8902000002563,
      249.8636000007391,
      227.48490000143647,
      225.3066000007093
    ]
  },
  "erros": []
}