{
  "estado": "RJ3",
  "orgaos": [
    "rim"
  ],
  "insercoes_por_orgao": 32,
  "calls_por_orgao": 32,
  "tempo_total_seg": 30.768,
  "total_transacoes": 64,
  "throughput_tx_s": 2.08,
  "insert_media_ms_por_orgao": {
    "rim": 447.0279531251872
  },
  "insert_desvio_ms_por_orgao": {
    "rim": 454.72269905737846
  },
  "call_media_ms_por_orgao": {
    "rim": 511.93905937462114
  },
  "call_desvio_ms_por_orgao": {
    "rim": 550.7023705278964
  },
  "total_media_ms_por_orgao": {
    "rim": 479.48350624990417
  },
  "total_desvio_ms_por_orgao": {
    "rim": 506.03980070757984
  },
  "total_media_ms_global": 479.48350624990417,
  "total_desvio_ms_global": 506.03980070757984,
  "create_latencias_ms_por_orgao": {
    "rim": [
      null
    ]
  },
  "insert_latencias_ms_por_orgao": {
    "rim": [
      469.87979999929667,
      230.36219999939203,
      452.91660000011325,
      224.97439999878407,
      226.37529999762774,
      494.9012000001967,
      2251.6532000005245,
      248.05260000005364,
      1234.4926999993622,
      229.26830000057817,
      1505.9341000020504,
      255.36600000038743,
      268.3130000010133,
      226.51930000260472,
      224.9345000013709,
      224.83729999884963,
      235.94620000198483,
      266.89880000054836,
      228.90700000151992,
      508.88919999822974,
      224.7357000000775,
      1227.013299997896,
      233.47269999980927,
      226.6841000020504,
      221.94989999756217,
      488.09180000051856,
      230.14150000363588,
      227.0439000017941,
      242.679500002414,
      234.43039999902248,
      226.7731999978423,
      512.4567999988794
    ]
  },
  "call_latencias_ms_por_orgao": {
    "rim": [
      223.67839999869466,
      1727.9545000009239,
      464.04339999705553,
      231.07000000029802,
      232.5579000003636,
      251.0211999975145,
      239.49949999898672,
      231.3568000011146,
      229.2204999998212,
      236.5659000016749,
      224.78989999741316,
      259.2352999970317,
      1318.5898999981582,
      253.9594999998808,
      228.90069999918342,
      2463.996700000018,
      568.8126999996603,
      227.7982000000775,
      252.7659999988973,
      1479.6473000012338,
      229.00479999929667,
      228.7475000023842,
      233.05260000005364,
      226.21819999814034,
      282.0548000000417,
      450.52589999884367,
      222.61580000072718,
      228.32829999923706,
      231.24300000071526,
      1239.7058999985456,
      1241.9274000003934,
      223.16140000149608
    ]
  },
  "erros": []
}