{
  "estado": "RJ3",
  "orgaos": [
    "rim",
    "figado",
    "coracao",
    "pulmao"
  ],
  "insercoes_por_orgao": 64,
  "calls_por_orgao": 64,
  "tempo_total_seg": 66.553,
  "total_transacoes": 512,
  "throughput_tx_s": 7.693,
  "insert_media_ms_por_orgao": {
    "rim": 463.14972499979194,
    "figado": 555.7367468748707,
    "coracao": 520.4003921872354,
    "pulmao": 457.5513421873911
  },
  "insert_desvio_ms_por_orgao": {
    "rim": 237.89635974008473,
    "figado": 488.0226901410268,
    "coracao": 296.9943966335945,
    "pulmao": 202.76326327372885
  },
  "call_media_ms_por_orgao": {
    "rim": 575.3842468748917,
    "figado": 449.05574375006836,
    "coracao": 493.805615625286,
    "pulmao": 463.271606250084
  },
  "call_desvio_ms_por_orgao": {
    "rim": 491.2382823944083,
    "figado": 262.93350952814916,
    "coracao": 308.24210909606904,
    "pulmao": 281.3571198286062
  },
  "total_media_ms_por_orgao": {
    "rim": 519.2669859373418,
    "figado": 502.39624531246955,
    "coracao": 507.1030039062607,
    "pulmao": 460.41147421873757
  },
  "total_desvio_ms_por_orgao": {
    "rim": 390.0051422851104,
    "figado": 395.59486519615706,
    "coracao": 302.9624651024742,
    "pulmao": 245.24592812331625
  },
  "total_media_ms_global": 497.2944273437024,
  "total_desvio_ms_global": 340.0354802015404,
  "create_latencias_ms_por_orgao": {
    "pulmao": [
      null
    ],
    "figado": [
      null
    ],
    "coracao": [
      null
    ],
    "rim": [
      null
    ]
  },
  "insert_latencias_ms_por_orgao": {
    "pulmao": [
      391.6680999994278,
      751.5777000002563,
      438.9116999991238,
      320.430600002408,
      1328.4928999990225,
      490.54199999943376,
      316.04630000144243,
      315.3919999971986,
      326.04459999874234,
      399.6304999999702,
      476.4868000000715,
      318.36210000142455,
      525.7248999997973,
      430.04829999804497,
      318.18140000104904,
      340.354699999094,
      333.3238000012934,
      339.7884000018239,
      320.91660000011325,
      341.1346000023186,
      467.7542000003159,
      360.534699998796,
      429.9252999983728,
      469.65089999884367,
      490.8914000019431,
      476.7351999990642,
      484.0203999988735,
      492.8311999998987,
      484.0606999993324,
      486.13370000198483,
      476.79069999977946,
      314.23769999668,
      340.72910000011325,
      319.48450000211596,
      316.55050000175834,
      468.89290000125766,
      483.69830000028014,
      483.257500000298,
      333.9028999991715,
      322.2956999987364,
      420.3596999980509,
      398.63030000030994,
      487.89550000056624,
      328.28730000182986,
      317.03139999881387,
      331.9404999986291,
      477.9615999981761,
      1485.4522000029683,
      362.14380000159144,
      484.6937999986112,
      473.4733999967575,
      745.9142999984324,
      457.6958000026643,
      517.8108000010252,
      325.8247000016272,
      243.44689999893308,
      719.4901999980211,
      344.91789999976754,
      479.98670000210404,
      322.7330999970436,
      504.3484000004828,
      734.5636999979615,
      497.1528999991715,
      496.0954999998212
    ],
    "figado": [
      3164.2292999997735,
      420.5199000015855,
      318.0450999997556,
      321.30260000005364,
      482.82829999923706,
      231.56579999998212,
      355.75230000168085,
      442.2039999999106,
      311.160499997437,
      325.06100000068545,
      324.0131999999285,
      332.2529000006616,
      489.9321000017226,
      504.1714000031352,
      315.99100000038743,
      327.3526999987662,
      1507.7697000019252,
      402.7795000001788,
      493.5861999988556,
      476.1604000031948,
      322.90300000086427,
      485.0544000007212,
      328.82069999724627,
      343.4983999989927,
      466.73289999738336,
      471.4417000003159,
      487.53980000317097,
      333.77979999780655,
      1431.6941999979317,
      311.7633999995887,
      1553.5991000011563,
      417.3314000032842,
      318.9616000019014,
      340.11510000005364,
      1478.3438000008464,
      337.13369999825954,
      452.13869999721646,
      337.43649999797344,
      365.07290000095963,
      471.8581999987364,
      485.5471999980509,
      473.20419999957085,
      232.43699999898672,
      472.8073000013828,
      223.2390000000596,
      318.5583999976516,
      1707.7393000014126,
      399.40269999951124,
      502.70830000191927,
      330.80769999697804,
      335.7441999986768,
      239.9484000019729,
      490.8128999993205,
      540.098600000143,
      1537.5353999994695,
      1380.1508000008762,
      382.4458999969065,
      315.1667999997735,
      480.54580000042915,
      470.423900000751,
      268.73539999872446,
      453.8770999982953,
      456.5709999985993,
      466.74729999899864
    ],
    "coracao": [
      255.47599999979138,
      318.97870000079274,
      481.2377999983728,
      228.33839999884367,
      490.1283999979496,
      1335.464699998498,
      315.93890000134706,
      325.33300000056624,
      473.3514999970794,
      589.1506000012159,
      289.44440000131726,
      623.1394000016153,
      323.6339000016451,
      491.3927000015974,
      481.4477000012994,
      498.43179999664426,
      662.0634000003338,
      757.9233999997377,
      377.6346000023186,
      516.0422999970615,
      428.5832000002265,
      490.9688000008464,
      456.9404000006616,
      368.73240000009537,
      452.73560000211,
      492.5949000008404,
      325.91270000115037,
      482.6854999996722,
      468.8352999985218,
      340.40989999845624,
      506.5232000015676,
      451.3542999997735,
      474.1757000014186,
      468.8212999999523,
      335.20460000261664,
      493.43949999660254,
      319.7529000006616,
      323.16569999977946,
      495.60119999945164,
      494.8442000001669,
      1444.9296000003815,
      1342.1794000007212,
      469.1790999993682,
      1474.3853999972343,
      329.4476999975741,
      1397.13030000031,
      411.78999999910593,
      403.80509999766946,
      514.8220000006258,
      596.285499997437,
      355.2141999974847,
      344.43129999935627,
      495.47989999875426,
      393.152800001204,
      334.25279999896884,
      347.7027999982238,
      328.85190000012517,
      479.23759999871254,
      324.15300000086427,
      324.19539999961853,
      1353.1000999994576,
      376.42420000210404,
      462.98199999704957,
      496.6600999981165
    ],