{
  "estado": "RJ3",
  "orgaos": [
    "rim"
  ],
  "insercoes_por_orgao": 64,
  "calls_por_orgao": 64,
  "tempo_total_seg": 54.461,
  "total_transacoes": 128,
  "throughput_tx_s": 2.35,
  "insert_media_ms_por_orgao": {
    "rim": 402.3611249999376
  },
  "insert_desvio_ms_por_orgao": {
    "rim": 422.488079336695
  },
  "call_media_ms_por_orgao": {
    "rim": 447.3242656253278
  },
  "call_desvio_ms_por_orgao": {
    "rim": 423.8731804019968
  },
  "total_media_ms_por_orgao": {
    "rim": 424.8426953126327
  },
  "total_desvio_ms_por_orgao": {
    "rim": 423.7779443607007
  },
  "total_media_ms_global": 424.8426953126327,
  "total_desvio_ms_global": 423.7779443607007,
  "create_latencias_ms_por_orgao": {
    "rim": [
      null
    ]
  },
  "insert_latencias_ms_por_orgao": {
    "rim": [
      225.53529999777675,
      224.04380000010133,
      239.92210000008345,
      227.06900000199676,
      235.93530000001192,
      260.1173000000417,
      260.0066999979317,
      226.87810000032187,
      229.09760000184178,
      230.91579999774694,
      218.87819999828935,
      223.1794999986887,
      224.7390000000596,
      227.34739999845624,
      1512.8621000014246,
      238.83579999953508,
      255.21439999714494,
      224.89660000056028,
      229.464999999851,
      247.40929999947548,
      499.2762000001967,
      230.22690000012517,
      247.1334999985993,
      226.63100000098348,
      227.34059999883175,
      231.13250000029802,
      229.93019999936223,
      255.48110000044107,
      224.03660000115633,
      250.19500000029802,
      226.6512000001967,
      223.62009999901056,
      1471.5127000026405,
      224.96990000084043,
      1272.2756999991834,
      235.05330000072718,
      250.3632000014186,
      456.58009999990463,
      232.67810000106692,
      2550.9615000002086,
      226.14959999918938,
      254.2127999998629,
      259.1639000028372,
      249.84429999813437,
      244.91100000217557,
      1238.8168999999762,
      225.5080000013113,
      239.96590000018477,
      487.22439999878407,
      504.459099996835,
      261.7250999994576,
      1240.5887999981642,
      1248.3287000022829,
      236.75739999860525,
      242.9193000011146,
      226.6423000022769,
      231.2545999996364,
      733.9230999983847,
      229.6376000009477,
      238.2976999990642,
      475.2661000005901,
      244.94619999825954,
      251.54459999874234,
      230.62690000236034
    ]
  },
  "call_latencias_ms_por_orgao": {
    "rim": [
      246.16869999840856,
      230.68380000069737,
      236.38079999759793,
      233.68059999868274,
      254.61640000343323,
      512.4989999979734,
      236.13329999893904,
      227.777800001204,
      307.7127999998629,
      231.61430000141263,
      227.589999999851,
      227.64000000059605,
      263.0499000027776,
      231.80269999802113,
      502.1694000028074,
      1242.9145999997854,
      228.5372000001371,
      732.3072000034153,
      226.9468000009656,
      232.23910000175238,
      236.0590999983251,
      227.5439000017941,
      225.75200000032783,
      221.43300000205636,
      1303.291400000453,
      272.4543000012636,
      1243.7910000011325,
      231.35119999945164,
      235.62640000134706,
      236.6186000034213,
      1279.0933999978006,
      229.83919999748468,
      233.53620000183582,
      230.6253999993205,
      1277.1376000009477,
      1254.500300001353,
      292.4615999981761,
      556.0383000001311,
      227.1081000007689,
      230.31099999696016,
      248.66419999673963,
      222.4125999994576,
      503.930600002408,
      227.58579999953508,
      1250.365299999714,
      220.9527000002563,
      224.3665999993682,
      1293.8993999995291,
      235.3720999993384,
      251.1799000017345,
      224.53539999946952,
      224.02649999782443,
      249.7508000023663,
      224.40349999815226,
      450.2753000035882,
      221.89240000024438,
      1229.2319000028074,
      242.38610000163317,
      220.3682000003755,
      219.51550000160933,
      224.96860000118613,
      222.17469999939203,
      2241.0727000012994,
      678.3858000002801
    ]
  },
  "erros": []
}