{
  "estado": "RJ3",
  "orgaos": [
    "rim",
    "figado",
    "coracao",
    "pulmao"
  ],
  "insercoes_por_orgao": 32,
  "calls_por_orgao": 32,
  "tempo_total_seg": 37.761,
  "total_transacoes": 256,
  "throughput_tx_s": 6.78,
  "insert_media_ms_por_orgao": {
    "rim": 493.4656781251542,
    "figado": 752.8973031245405,
    "coracao": 577.3717343750177,
    "pulmao": 546.3510656249709
  },
  "insert_desvio_ms_por_orgao": {
    "rim": 290.1293682098783,
    "figado": 551.8228738493566,
    "coracao": 398.1451695835451,
    "pulmao": 484.98384792651314
  },
  "call_media_ms_por_orgao": {
    "rim": 491.40897187555674,
    "figado": 418.8819218749413,
    "coracao": 600.3840124999406,
    "pulmao": 504.20391562511213
  },
  "call_desvio_ms_por_orgao": {
    "rim": 320.9997056075757,
    "figado": 285.8042476800773,
    "coracao": 559.7869762434847,
    "pulmao": 358.4881693832213
  },
  "total_media_ms_por_orgao": {
    "rim": 492.4373250003555,
    "figado": 585.8896124997409,
    "coracao": 588.8778734374791,
    "pulmao": 525.2774906250415
  },
  "total_desvio_ms_por_orgao": {
    "rim": 305.9558598215697,
    "figado": 470.09344259997675,
    "coracao": 485.8733463088827,
    "pulmao": 426.9726522061429
  },
  "total_media_ms_global": 548.1205753906543,
  "total_desvio_ms_global": 430.0248468762755,
  "create_latencias_ms_por_orgao": {
    "rim": [
      null
    ],
    "pulmao": [
      null
    ],
    "figado": [
      null
    ],
    "coracao": [
      null
    ]
  },
  "insert_latencias_ms_por_orgao": {
    "rim": [
      253.96290000155568,
      547.4418999999762,
      324.31359999999404,
      591.8449000008404,
      354.99929999932647,
      321.8467999994755,
      321.18989999964833,
      464.94399999827147,
      469.44919999688864,
      469.93010000139475,
      1421.9133000001311,
      567.9282999970019,
      687.9734000004828,
      1614.0727999992669,
      492.4539000019431,
      316.14039999991655,
      473.93690000101924,
      474.5826999992132,
      742.0043000020087,
      301.3529000021517,
      339.5743000023067,
      467.6280000023544,
      318.86500000208616,
      315.4974000006914,
      334.1248999983072,
      319.1519000008702,
      492.1941999979317,
      510.2998000010848,
      329.83009999990463,
      490.04459999874234,
      345.41789999976754,
      315.99210000038147
    ],
    "pulmao": [
      412.20250000059605,
      233.15239999815822,
      320.46220000088215,
      484.535000000149,
      456.6317999996245,
      319.17669999971986,
      600.9971000030637,
      2389.8046000003815,
      325.7541000023484,
      340.4103999994695,
      319.0119000002742,
      339.9703999981284,
      1259.600900001824,
      226.45470000058413,
      219.75270000100136,
      481.13749999925494,
      1435.4191999994218,
      327.7491999976337,
      315.0282000005245,
      233.00819999724627,
      365.97149999812245,
      1408.5034999996424,
      354.1261999979615,
      466.7209999971092,
      323.15480000153184,
      346.78319999948144,
      494.6710000000894,
      1466.066200003028,
      327.81310000270605,
      330.2902000024915,
      238.86299999803305,
      320.01069999858737
    ],
    "figado": [
      1425.7637000009418,
      1443.84829999879,
      464.18979999795556,
      478.45289999991655,
      463.8125,
      321.2347999997437,
      226.53060000017285,
      272.7238999977708,
      295.5641999989748,
      1304.8392999991775,
      318.37609999999404,
      225.3284999988973,
      1319.8609999977052,
      336.6752000004053,
      475.35199999809265,
      473.17630000039935,
      1699.5815999992192,
      1328.9617999978364,
      1434.9418000020087,
      646.2610999979079,
      1345.2928999997675,
      467.138100001961,
      2363.738299999386,
      342.86089999973774,
      514.0194999985397,
      320.834399998188,
      332.66960000246763,
      478.52099999785423,
      328.6849000006914,
      653.8570000007749,
      1516.5581000000238,
      473.06359999999404
    ],
    "coracao": [
      452.12979999929667,
      346.29759999737144,
      480.8041999973357,
      324.1286999993026,
      1423.3427000008523,
      464.87900000065565,
      490.271899998188,
      1462.6379000023007,
      281.59100000187755,
      325.8454999998212,
      324.13190000131726,
      1259.262800000608,
      1455.1667999997735,
      444.9830999970436,
      486.2047000005841,
      301.8471000008285,
      1381.0597000010312,
      469.23160000145435,
      325.86089999973774,
      487.8597000017762,
      478.33669999986887,
      333.0337000004947,
      330.55299999937415,
      339.31399999931455,
      332.87730000168085,
      494.5486999973655,
      324.5507000014186,
      336.3826000019908,
      1368.417199999094,
      327.22319999709725,
      339.3573000021279,
      483.76449999958277
    ]
  },
  "call_latencias_ms_por_orgao": {
    "rim": [
      327.9759999997914,
      323.17929999902844,
      485.6671000011265,
      393.0844000019133,
      505.4665000028908,
      491.8442000001669,
      318.2956999987364,
      336.66369999945164,
      323.7483999989927,
      329.19140000268817,
      370.340300001204,
      484.55510000139475,
      511.53820000216365,
      1444.5960000008345,
      337.4999000020325,
      326.0177999995649,
      318.76080000028014,
      317.0384000018239,
      1454.5142999999225,
      322.1216000020504,
      464.7570999972522,
      465.64330000057817,
      482.6684000007808,
      228.1562000028789,
      474.8344999998808,
      347.5122999995947,
      453.96640000119805,
      327.01999999955297,
      1484.9689999967813,
      477.49260000139475,
      460.93650000169873,
      335.0317000001669
    ],
    "pulmao": [
      339.56520000100136,
      319.48589999973774,
      330.3356999978423,
      501.47069999948144,
      491.15949999913573,
      521.4396999999881,
      496.59179999679327,
      511.0675000026822,
      300.98560000211,
      347.48330000042915,
      288.69570000097156,
      322.6651999987662,
      1588.0800999999046,
      373.8627000004053,
      325.9565999992192,
      474.95170000195503,
      339.7698999978602,
      310.77460000291467,
      460.6156000010669,
      1336.024800002575,
      1446.8355000019073,
      229.01490000262856,
      382.4979999996722,
      275.875,
      441.8598999977112,
      317.4048999994993,
      467.480499997735,
      324.3048999980092,
      319.92469999939203,
      320.27630000188947,
      1328.3108999989927,
      299.7580000013113
    ],
    "figado": [
      458.0252999998629,
      316.61939999833703,
      492.7752000018954,
      466.6799000017345,
      465.22780000045896,
      311.85669999942183,
      326.708299998194,
      381.06650000065565,
      479.5608999989927,
      482.9070999994874,
      350.6173000000417,
      1456.9344000034034,
      1436.9214999973774,
      356.1929999999702,
      288.3024999983609,
      354.7659999988973,
      222.87350000068545,
      229.40560000017285,
      495.6579999998212,
      695.1355999968946,
      307.9682999998331,
      316.75950000062585,
      340.6634999997914,
      290.47489999979734,
      316.31989999860525,
      230.82950000092387,
      323.8302000015974,
      308.63700000196695,
      226.8082999996841,
      228.85080000013113,
      222.37779999896884,
      222.46730000153184
    ],