{
  "estado": "RJ3",
  "orgaos": [
    "rim"
  ],
  "insercoes_por_orgao": 128,
  "calls_por_orgao": 128,
  "tempo_total_seg": 106.089,
  "total_transacoes": 256,
  "throughput_tx_s": 2.413,
  "insert_media_ms_por_orgao": {
    "rim": 387.0034960936464
  },
  "insert_desvio_ms_por_orgao": {
    "rim": 354.9653346272979
  },
  "call_media_ms_por_orgao": {
    "rim": 441.05321874984656
  },
  "call_desvio_ms_por_orgao": {
    "rim": 441.63678083732077
  },
  "total_media_ms_por_orgao": {
    "rim": 414.0283574217465
  },
  "total_desvio_ms_por_orgao": {
    "rim": 401.56202586588483
  },
  "total_media_ms_global": 414.0283574217465,
  "total_desvio_ms_global": 401.56202586588483,
  "create_latencias_ms_por_orgao": {
    "rim": [
      null
    ]
  },
  "insert_latencias_ms_por_orgao": {
    "rim": [
      222.2251000031829,
      466.0190000012517,
      467.40649999678135,
      1247.538899999112,
      220.6431000009179,
      221.34849999845028,
      222.1968000009656,
      223.17550000175834,
      225.32909999787807,
      1266.653599999845,
      237.74040000140667,
      945.6749999970198,
      278.25230000168085,
      933.695300001651,
      224.5772000029683,
      487.3295000009239,
      225.48729999735951,
      257.72399999946356,
      494.35669999942183,
      235.54279999807477,
      221.125,
      222.91019999980927,
      1511.6172000020742,
      228.10489999875426,
      228.51300000026822,
      2305.2658999972045,
      582.8297999985516,
      460.798900000751,
      255.1909000016749,
      230.20340000092983,
      231.66569999977946,
      253.49389999732375,
      259.0718000009656,
      245.73319999873638,
      227.01280000060797,
      226.6486999988556,
      229.1241999976337,
      495.07039999961853,
      262.2331000007689,
      226.09469999745488,
      547.5987999998033,
      226.30310000106692,
      228.21260000020266,
      249.70419999957085,
      229.17119999974966,
      230.96130000054836,
      231.5971000008285,
      232.25100000202656,
      296.9256999976933,
      249.59849999845028,
      227.39330000057817,
      231.95810000225902,
      236.25370000302792,
      231.06109999865294,
      241.60270000249147,
      231.5126999989152,
      232.6591999977827,
      225.97580000013113,
      1247.587000001222,
      234.2601000033319,
      249.2644000016153,
      252.3758000023663,
      254.37199999764562,
      233.20240000262856,
      568.1167999990284,
      570.1081999987364,
      268.9079999998212,
      235.95470000058413,
      1254.0262999981642,
      248.12319999933243,
      258.6702999994159,
      230.90940000116825,
      235.38120000064373,
      250.69879999756813,
      229.10450000315905,
      235.62269999831915,
      231.91459999978542,
      262.3746000006795,
      1241.1851000003517,
      235.67919999733567,
      236.93909999728203,
      273.7555999979377,
      1238.6436999998987,
      275.0933999978006,
      234.94070000201464,
      257.9987000003457,
      245.30599999800324,
      240.14629999920726,
      239.4378999993205,
      235.9160000011325,
      232.12519999966025,
      268.9501999989152,
      240.35909999907017,
      236.60029999911785,
      1255.1312999986112,
      252.8192999996245,
      234.7558999992907,
      239.67260000109673,
      236.93230000138283,
      247.4670000001788,
      1249.2952999994159,
      251.66780000180006,
      266.3136999979615,
      1242.2022000029683,
      1259.084399998188,
      240.0911999978125,
      246.152800001204,
      236.4079999998212,
      246.7976999990642,
      1256.8095999993384,
      249.61719999834895,
      231.65000000223517,
      258.04329999908805,
      260.30010000243783,
      249.4869000017643,
      247.19790000095963,
      244.7153999991715,
      254.3758000023663,
      247.4683999978006,
      238.11089999973774,
      243.43889999762177,
      258.3960000015795,
      267.44819999858737,
      267.854699999094,
      239.63320000097156,
      249.63449999690056,
      255.99100000038743,
      241.06810000166297
    ]
  },
  "call_latencias_ms_por_orgao": {
    "rim": [
      260.8720999993384,
      1331.0619000010192,
      261.5384999997914,
      285.02349999919534,
      254.11010000109673,
      252.24289999902248,
      248.29189999774098,
      243.79250000044703,
      258.8867999985814,
      236.74720000103116,
      244.94409999996424,
      2193.5579000003636,
      524.5236999988556,
      236.51400000229478,
      267.78020000085235,
      242.18930000066757,
      461.0362999998033,
      243.77909999713302,
      1884.1545000001788,
      259.64839999750257,
      276.73460000008345,
      248.36219999939203,
      239.23720000311732,
      1258.7844999991357,
      237.30130000039935,
      254.6077000014484,
      554.8863000012934,
      1474.8219000026584,
      2269.0244999974966,
      238.7272000014782,
      248.78409999981523,
      1270.3383000008762,
      1244.0577999986708,
      260.4527000002563,
      533.9164999984205,
      237.2850999981165,
      242.4987000003457,
      254.21349999681115,
      239.10549999773502,
      250.99689999967813,
      235.548599999398,
      237.76049999892712,
      233.24139999970794,
      235.50789999961853,
      267.0036999993026,
      509.5150999985635,
      350.16699999943376,
      248.9041000008583,
      233.07209999859333,
      227.59439999982715,
      241.32459999993443,
      238.27540000155568,
      243.7322000004351,
      243.44529999792576,
      232.7998000010848,
      1248.394399996847,
      481.24379999935627,
      254.5427000001073,
      272.8459999971092,
      238.57070000097156,
      230.03610000014305,
      953.463899999857,
      232.986899998039,
      304.5932999998331,
      230.64549999684095,
      241.5870000012219,
      235.07200000062585,
      261.65560000017285,
      232.76749999821186,
      997.2714000009,
      244.9792999997735,
      234.79450000077486,
      236.22199999913573,
      232.53060000017285,
      228.79019999876618,
      247.79840000346303,
      226.3073999993503,
      1275.8244000002742,
      1314.417999997735,
      244.01289999857545,
      234.88199999928474,
      269.30420000106096,
      248.13670000061393,
      751.2928999997675,
      282.3003000020981,
      235.82000000029802,
      234.93800000101328,
      2252.5371000021696,
      258.64589999988675,
      303.22450000047684,
      228.45199999958277,
      1240.0572999976575,
      286.5493000000715,
      224.41750000044703,
      1297.4601000025868,
      256.36629999801517,
      236.15509999915957,
      255.56689999997616,
      235.6266999989748,
      231.57839999720454,
      239.6288000009954,
      231.06100000068545,
      223.7327000014484,
      224.64809999987483,
      462.2272000014782,
      250.26190000027418,
      249.52809999883175,
      251.37980000302196,
      251.17969999834895,
      491.8582000024617,
      231.19199999794364,
      227.54589999839664,
      723.7377999983728,
      223.13410000130534,
      228.19750000163913,
      1223.5725999996066,
      522.1865999996662,
      249.59600000083447,
      225.78029999881983,
      224.19449999928474,
      1239.8040000014007,
      230.35709999874234,
      227.6875,
      227.09310000017285,
      219.51669999957085,
      220.10610000044107,
      445.5083000026643,
      222.70719999819994
    ]
  },
  "erros": []
}