{
  "estado": "RJ3",
  "orgaos": [
    "rim",
    "figado"
  ],
  "insercoes_por_orgao": 128,
  "calls_por_orgao": 128,
  "tempo_total_seg": 118.502,
  "total_transacoes": 512,
  "throughput_tx_s": 4.321,
  "insert_media_ms_por_orgao": {
    "rim": 486.1547515624843,
    "figado": 422.84688281230046
  },
  "insert_desvio_ms_por_orgao": {
    "rim": 412.8285211218074,
    "figado": 351.1840221863002
  },
  "call_media_ms_por_orgao": {
    "rim": 431.00918984384043,
    "figado": 494.40787968746736
  },
  "call_desvio_ms_por_orgao": {
    "rim": 376.9613591199735,
    "figado": 390.2771673368593
  },
  "total_media_ms_por_orgao": {
    "rim": 458.58197070316237,
    "figado": 458.6273812498839
  },
  "total_desvio_ms_por_orgao": {
    "rim": 396.2623945126693,
    "figado": 372.9657979763791
  },
  "total_media_ms_global": 458.60467597652314,
  "total_desvio_ms_global": 384.7904447852951,
  "create_latencias_ms_por_orgao": {
    "rim": [
      null
    ],
    "figado": [
      null
    ]
  },
  "insert_latencias_ms_por_orgao": {
    "rim": [
      240.11510000005364,
      219.98550000041723,
      225.11419999971986,
      217.73259999975562,
      1343.6689999997616,
      320.27889999747276,
      547.278299998492,
      311.8960000015795,
      1393.6508000008762,
      315.8732000030577,
      559.6777000017464,
      306.3159000016749,
      319.22619999945164,
      313.3442999981344,
      548.8990000002086,
      267.7686000019312,
      799.8249000012875,
      291.7013000026345,
      226.47989999875426,
      231.7866999991238,
      229.618299998343,
      232.61160000041127,
      571.2655000016093,
      315.28280000016093,
      324.19150000065565,
      321.6072000004351,
      322.00530000030994,
      328.20670000091195,
      332.30689999833703,
      1303.4184999987483,
      319.92920000106096,
      322.50239999964833,
      321.4990999996662,
      327.1973000019789,
      319.2846000008285,
      351.056099999696,
      298.7512000016868,
      238.62570000067353,
      328.01159999892116,
      319.3698000013828,
      318.70380000025034,
      332.3390999995172,
      314.3623000010848,
      254.7562999986112,
      228.93479999899864,
      1005.853299997747,
      237.10929999873042,
      317.06479999795556,
      315.3657000027597,
      336.7804000005126,
      660.0550000034273,
      237.79380000010133,
      330.2969000004232,
      324.3737000003457,
      504.4684000015259,
      2016.9591999985278,
      1289.9657000005245,
      234.5012000016868,
      332.9041000008583,
      327.2272999994457,
      1277.0885000005364,
      1278.2076000012457,
      1253.4784999974072,
      230.88650000095367,
      256.6968999989331,
      290.14379999786615,
      347.5401000007987,
      319.4792999997735,
      1043.3736999966204,
      362.02309999987483,
      290.6806999966502,
      340.15980000048876,
      1243.9090999998152,
      312.3978000022471,
      297.37519999966025,
      233.9674000032246,
      238.92959999665618,
      235.79710000008345,
      330.6356000006199,
      1251.6266999989748,
      242.9582000002265,
      1354.8183000013232,
      239.76129999756813,
      274.62599999830127,
      229.38279999792576,
      238.47790000215173,
      240.72399999946356,
      297.2520000003278,
      330.41660000011325,
      339.75400000065565,
      328.53150000050664,
      339.73970000073314,
      316.2445000000298,
      335.0700999982655,
      237.47540000081062,
      233.28950000181794,
      243.76049999892712,
      230.78199999779463,
      243.08720000088215,
      479.92540000006557,
      1381.5530999973416,
      327.47489999979734,
      335.1655000001192,
      329.5008000023663,
      1335.1220999993384,
      327.9675999991596,
      339.36219999939203,
      342.81269999966025,
      2352.1315999999642,
      1259.4712000004947,
      243.14029999822378,
      343.9974000006914,
      233.0009000003338,
      339.1570000015199,
      345.2758000008762,
      1385.5762000009418,
      1253.3586999997497,
      389.2439999990165,
      293.5370999984443,
      233.472500000149,
      230.82250000163913,
      1280.367499999702,
      251.17850000038743,
      247.8572999984026,
      341.86670000106096,
      334.3323999978602,
      342.21439999714494,
      1251.198899999261
    ],
    "figado": [
      220.7639999985695,
      217.4519000016153,
      216.69519999995828,
      216.85869999974966,
      226.9763999991119,
      306.7703999988735,
      320.521099999547,
      224.0954999998212,
      324.14039999991655,
      309.22779999673367,
      629.5319999977946,
      224.70680000260472,
      242.24529999867082,
      296.3183999992907,
      320.03440000116825,
      323.53819999843836,
      229.83410000056028,
      307.11510000005364,
      318.88399999961257,
      311.9477000012994,
      227.80609999969602,
      565.0811000019312,
      232.44690000265837,
      325.1904999986291,
      246.39600000157952,
      1242.3646999970078,
      242.4434999972582,
      330.3977000005543,
      319.1926000006497,
      323.6017000004649,
      335.93980000168085,
      336.5531999990344,
      291.0755000002682,
      328.6037999987602,
      248.73639999702573,
      226.9785000011325,
      236.0020999982953,
      232.2905999980867,
      378.3108000010252,
      312.3902000002563,
      316.0692999996245,
      323.62739999964833,
      333.8779000006616,
      316.38699999824166,
      588.6680999994278,
      304.7575999982655,
      316.55350000038743,
      347.42289999872446,
      292.9640999995172,
      1339.964699998498,
      228.73680000007153,
      231.096700001508,
      235.53370000049472,
      332.51240000128746,
      337.55559999868274,
      305.9088000021875,
      322.896099999547,
      335.36639999970794,
      235.3497000001371,
      345.6684999987483,
      1338.1157000027597,
      252.37490000203252,
      1301.8039999976754,
      1526.49620000273,
      315.26969999819994,
      301.6559000015259,
      316.1503999978304,
      235.89299999922514,
      255.51740000024438,
      260.0236999988556,
      2261.9802000001073,
      1251.2003999985754,
      337.0738999992609,
      316.1474999971688,
      332.3470999971032,
      324.3918000012636,
      229.25,
      264.63159999996424,
      237.92379999905825,
      320.66839999705553,
      353.3717000000179,
      346.51410000026226,
      250.08159999921918,
      553.8530000001192,
      390.47700000181794,
      1333.470799997449,
      612.9607999995351,
      243.20069999992847,
      1263.611899998039,
      236.09129999950528,
      241.68219999969006,
      521.1387999989092,
      1258.7397000007331,
      319.59149999916553,
      332.76240000128746,
      338.5729999989271,
      331.3497999981046,
      333.7314000017941,
      1617.2659000009298,
      243.53319999948144,
      1279.1947999969125,
      258.84349999949336,
      328.22819999977946,
      327.51960000023246,
      328.4261999987066,
      318.8784000016749,
      278.64339999854565,
      246.3759000003338,
      241.6512000001967,
      263.98790000006557,
      295.5934000015259,
      386.20540000125766,
      555.7961000017822,
      1256.4089999981225,
      247.14790000021458,
      243.96519999951124,
      277.7061999998987,
      325.853900000453,
      236.2322000004351,
      279.6552999988198,
      254.92370000109076,
      513.9558000005782,
      306.08460000157356,
      571.5531999990344,
      361.11089999973774,
      297.9860000014305,
      305.5464000031352,
      275.63399999961257
    ]
  },