{
  "estado": "RJ3",
  "orgaos": [
    "rim",
    "figado"
  ],
  "insercoes_por_orgao": 64,
  "calls_por_orgao": 64,
  "tempo_total_seg": 64.033,
  "total_transacoes": 256,
  "throughput_tx_s": 3.998,
  "insert_media_ms_por_orgao": {
    "rim": 488.6176265627146,
    "figado": 395.8337765627657
  },
  "insert_desvio_ms_por_orgao": {
    "rim": 526.1105151134431,
    "figado": 330.5683140889243
  },
  "call_media_ms_por_orgao": {
    "rim": 510.67403281276347,
    "figado": 449.02694843750214
  },
  "call_desvio_ms_por_orgao": {
    "rim": 480.22668942633896,
    "figado": 342.8342750330537
  },
  "total_media_ms_por_orgao": {
    "rim": 499.645829687739,
    "figado": 422.4303625001339
  },
  "total_desvio_ms_por_orgao": {
    "rim": 503.81206311413763,
    "figado": 337.80579271534174
  },
  "total_media_ms_global": 461.0380960939365,
  "total_desvio_ms_global": 430.6509391130268,
  "create_latencias_ms_por_orgao": {
    "figado": [
      null
    ],
    "rim": [
      null
    ]
  },
  "insert_latencias_ms_por_orgao": {
    "figado": [
      261.000300001353,
      277.1225000023842,
      314.64710000157356,
      314.47829999774694,
      1285.1858999989927,
      1655.9986000023782,
      229.78050000220537,
      369.4657000005245,
      253.8982000015676,
      289.50320000201464,
      324.90780000016093,
      223.65700000151992,
      214.45419999957085,
      223.29149999842048,
      1290.5656999982893,
      228.0883000008762,
      1520.0780999995768,
      233.61600000038743,
      232.46970000118017,
      228.561700001359,
      226.80210000276566,
      385.74010000005364,
      641.6561999991536,
      229.4011000022292,
      230.77930000051856,
      251.50219999998808,
      226.6325999982655,
      327.0646999999881,
      378.4054000005126,
      303.9130000025034,
      302.9543000012636,
      223.5654999986291,
      304.3969999998808,
      252.71659999713302,
      231.45980000123382,
      229.4619999974966,
      234.07589999958873,
      1230.5815999992192,
      234.81850000098348,
      326.19239999726415,
      314.0997000001371,
      321.81350000202656,
      325.8075000010431,
      346.51929999887943,
      341.5497999973595,
      317.51439999789,
      247.0337999984622,
      273.7990000024438,
      234.3576999977231,
      349.0523000024259,
      299.24349999800324,
      238.23470000177622,
      244.680300001055,
      1287.2961999997497,
      229.9695999994874,
      234.87490000203252,
      503.27140000090003,
      326.3500999994576,
      537.7983000017703,
      586.5809000022709,
      231.93979999795556,
      234.22200000286102,
      333.3936000019312,
      231.0687999986112
    ],
    "rim": [
      388.7872999981046,
      312.96429999917746,
      309.09780000150204,
      319.53519999980927,
      280.68129999935627,
      232.54490000009537,
      234.05399999767542,
      224.4844000004232,
      312.63060000166297,
      315.2707000002265,
      219.6744000017643,
      222.77400000020862,
      220.28990000113845,
      229.0743000023067,
      226.3264999985695,
      780.7556999996305,
      274.07920000329614,
      1325.2085000015795,
      271.63570000231266,
      228.25229999795556,
      232.91409999877214,
      3336.0753999985754,
      232.94020000100136,
      1334.9270000010729,
      270.6962999999523,
      355.05689999833703,
      305.6220999993384,
      618.8306999988854,
      234.27930000051856,
      1704.3653000034392,
      228.04549999907613,
      242.91239999979734,
      230.81660000234842,
      322.19579999893904,
      329.61879999935627,
      328.10920000076294,
      314.8289000019431,
      327.8176999986172,
      312.90780000016093,
      323.875300001353,
      1129.4509999975562,
      312.52130000293255,
      1313.911899998784,
      219.65399999916553,
      230.0186000019312,
      1376.8824000023305,
      249.76080000028014,
      243.4818999990821,
      1845.1662000007927,
      324.6439999975264,
      1253.9422000013292,
      373.68310000002384,
      276.7344000004232,
      344.3432999998331,
      230.2879999987781,
      499.7740000002086,
      261.66400000080466,
      326.1352000012994,
      329.80470000207424,
      320.23840000107884,
      330.18429999798536,
      316.6081000007689,
      363.0727000012994,
      284.6072999984026
    ]
  },
  "call_latencias_ms_por_orgao": {
    "figado": [
      231.72830000147223,
      320.7086999975145,
      234.14160000160336,
      468.5679000020027,
      242.32490000128746,
      333.83720000088215,
      332.4173000007868,
      327.0857999995351,
      1330.9416000023484,
      335.11769999936223,
      317.64259999990463,
      321.38119999691844,
      329.9116999991238,
      325.9835000000894,
      318.34349999949336,
      317.68090000003576,
      326.62400000169873,
      1228.2738000005484,
      1338.212000001222,
      290.21339999884367,
      1537.6933999992907,
      311.16950000077486,
      226.6262999996543,
      228.01539999991655,
      235.94370000064373,
      241.2047999985516,
      311.8636000007391,
      558.7192000001669,
      227.48200000077486,
      228.1984999999404,
      484.25140000134706,
      234.7626999989152,
      1226.9301999993622,
      232.02800000086427,
      1323.9387999996543,
      540.7041999995708,
      233.89379999786615,
      313.7465000003576,
      546.4730000011623,
      266.6983999982476,
      549.4415999986231,
      379.74980000033975,
      321.9961000010371,
      325.1824999973178,
      485.4399999976158,
      227.5633999966085,
      237.48550000041723,
      377.8892999999225,
      275.4206000007689,
      320.2331000007689,
      334.7761999964714,
      1335.2723000012338,
      506.8095999993384,
      300.5101000033319,
      302.7394000031054,
      341.3066999986768,
      229.68549999967217,
      225.4244000017643,
      503.16739999875426,
      230.15060000121593,
      251.6680000014603,
      319.6092999987304,
      330.5164000019431,
      1244.2058999985456
    ],
    "rim": [
      328.30169999971986,
      315.44619999825954,
      257.9987000003457,
      233.74389999732375,
      458.91160000115633,
      278.7034999988973,
      327.10190000012517,
      238.53770000115037,
      496.82840000092983,
      254.26150000095367,
      308.62890000268817,
      223.597199998796,
      255.10509999841452,
      500.0193000026047,
      228.11690000072122,
      325.72360000014305,
      1269.9940000027418,
      806.5740000009537,
      501.903599999845,
      1248.3999999985099,
      1243.3044000007212,
      227.19610000029206,
      228.54239999875426,
      978.7963999994099,
      592.5168000012636,
      1249.4269000031054,
      244.77899999916553,
      325.8083999976516,
      331.8647999987006,
      1278.2324000000954,
      343.05340000241995,
      296.14800000190735,
      320.93689999729395,
      323.35150000080466,
      323.7567999996245,
      230.3040999993682,
      225.68569999933243,
      242.75239999964833,
      254.29289999976754,
      297.8361000008881,
      236.9328000023961,
      308.65770000219345,
      1755.147500000894,
      384.03489999845624,
      293.8145000003278,
      2328.4541000016034,
      232.97709999978542,
      228.5126000009477,
      221.92929999902844,
      504.9556000009179,
      258.9688000008464,
      223.70280000194907,
      228.0544999986887,
      228.6478000022471,
      221.91100000217557,
      525.0738999992609,
      220.15859999880195,
      218.30969999730587,
      1256.703100003302,
      2244.6505000032485,
      1234.0755000002682,
      219.38749999925494,
      217.58609999716282,
      474.00910000130534
    ]
  },
  "erros": []
}