{
  "estado": "RJ3",
  "orgaos": [
    "rim",
    "figado"
  ],
  "insercoes_por_orgao": 64,
  "calls_por_orgao": 64,
  "tempo_total_seg": 63.51,
  "total_transacoes": 256,
  "throughput_tx_s": 4.031,
  "insert_media_ms_por_orgao": {
    "rim": 493.5770843747305,
    "figado": 493.6078781247488
  },
  "insert_desvio_ms_por_orgao": {
    "rim": 18.758930141166633,
    "figado": 17.68690014510233
  },
  "call_media_ms_por_orgao": {
    "rim": 497.0776281254366,
    "figado": 497.1433671876439
  },
  "call_desvio_ms_por_orgao": {
    "rim": 14.689789434791972,
    "figado": 14.888285887492405
  },
  "total_media_ms_por_orgao": {
    "rim": 495.32735625008354,
    "figado": 495.37562265619636
  },
  "total_desvio_ms_por_orgao": {
    "rim": 16.93833340318639,
    "figado": 16.442891091098485
  },
  "total_media_ms_global": 495.35148945313995,
  "total_desvio_ms_global": 16.69246792320125,
  "create_latencias_ms_por_orgao": {
    "rim": [
      null
    ],
    "figado": [
      null
    ]
  },
  "insert_latencias_ms_por_orgao": {
    "rim": [
      403.3128999993205,
      480.1110000014305,
      474.6004000008106,
      492.11169999837875,
      499.11719999834895,
      484.9264000020921,
      491.3302999995649,
      487.2423999980092,
      496.978900000453,
      520.96420000121,
      466.5623999983072,
      491.8783999979496,
      469.64290000125766,
      499.8799999989569,
      497.6122000031173,
      488.7512999996543,
      494.02169999852777,
      504.2587999999523,
      493.0649999976158,
      503.6495000012219,
      464.09820000082254,
      511.58339999988675,
      492.02389999851584,
      499.14460000023246,
      496.24390000104904,
      497.6380000002682,
      500.86549999937415,
      471.5936999991536,
      525.4858999997377,
      533.74469999969,
      465.6854999996722,
      488.9556999988854,
      506.2993000000715,
      503.69700000062585,
      474.50560000166297,
      489.6363999992609,
      474.12649999931455,
      506.0265999995172,
      495.40349999815226,
      499.69440000131726,
      484.03530000150204,
      508.75989999994636,
      503.09829999879,
      504.79829999804497,
      478.2340000011027,
      461.07749999687076,
      511.41200000047684,
      511.24939999729395,
      505.34609999880195,
      511.3801999986172,
      496.60669999942183,
      497.10199999809265,
      493.88280000165105,
      509.8205000013113,
      486.6447999998927,
      492.00279999896884,
      509.15259999781847,
      520.2936999984086,
      510.91490000113845,
      498.9273000024259,
      487.9901999980211,
      487.04539999738336,
      479.9257000014186,
      502.763100001961
    ],
    "figado": [
      410.86629999801517,
      473.6469999998808,
      477.14759999886155,
      495.25279999896884,
      490.2799000032246,
      484.8057000003755,
      491.12310000136495,
      496.1089999973774,
      493.6528999991715,
      521.2966999970376,
      469.8154999986291,
      491.9455999992788,
      471.12020000070333,
      494.86639999970794,
      497.86290000006557,
      486.9281000010669,
      499.2712000012398,
      495.1198000013828,
      493.06729999929667,
      507.45250000059605,
      468.980499997735,
      503.0942999981344,
      497.1515999995172,
      493.63659999892116,
      505.361400000751,
      497.7913000024855,
      497.5224999971688,
      471.6403000019491,
      523.9320999979973,
      530.2687999978662,
      469.0676999986172,
      490.4193000011146,
      509.79239999875426,
      500.3782999999821,
      469.6554000005126,
      497.8900999985635,
      474.34649999812245,
      505.98249999806285,
      492.0307000018656,
      497.7663999982178,
      489.14929999783635,
      503.9776000007987,
      507.7798999994993,
      500.09910000115633,
      480.02309999987483,
      460.874200001359,
      511.47949999943376,
      509.6669000014663,
      505.298900000751,
      510.7069000005722,
      497.16699999943376,
      502.0645000003278,
      490.4898999966681,
      505.1089000031352,
      494.6152999997139,
      491.97100000083447,
      504.47190000116825,
      520.2971000000834,
      512.6264999993145,
      497.14250000193715,
      489.49049999937415,
      485.4995999969542,
      476.6744000017643,
      505.89049999788404
    ]
  },
  "call_latencias_ms_por_orgao": {
    "rim": [
      506.9103999994695,
      491.12779999896884,
      513.0474000014365,
      523.2666999995708,
      489.50479999929667,
      470.1920999996364,
      496.43259999901056,
      499.33339999988675,
      499.9015000015497,
      478.07360000163317,
      495.3227000012994,
      490.1845999993384,
      503.68470000103116,
      513.1723999977112,
      513.7961999997497,
      525.2159000001848,
      492.13289999961853,
      499.0155000016093,
      497.15650000050664,
      495.0722000002861,
      496.06949999928474,
      495.8662000000477,
      502.3748999983072,
      508.83379999920726,
      476.81060000136495,
      503.2347999997437,
      511.8838000036776,
      487.4218000024557,
      492.16319999843836,
      488.36589999869466,
      496.3969999998808,
      511.90269999951124,
      464.9814999997616,
      518.7596000023186,
      495.26070000231266,
      498.1204000003636,
      520.4812000021338,
      472.2087000012398,
      505.41739999875426,
      493.7203999981284,
      512.6836999990046,
      497.5174000002444,
      487.61549999937415,
      501.69020000100136,
      496.1671000011265,
      500.1566000021994,
      531.185600001365,
      470.0009000003338,
      496.2127000018954,
      476.63150000199676,
      495.0520000010729,
      485.8969000019133,
      499.013599999249,
      496.6895999982953,
      491.4587000012398,
      516.2968000024557,
      519.0766000002623,
      452.5003999993205,
      496.345900002867,
      494.46810000017285,
      488.93979999795556,
      481.71690000221133,
      488.4002000018954,
      504.43350000306964
    ],
    "figado": [
      508.728100001812,
      489.090300001204,
      513.2395999990404,
      519.7690999992192,
      485.7047999985516,
      478.83419999852777,
      494.333599999547,
      505.0928000025451,
      494.8594000004232,
      474.5938000008464,
      495.22520000115037,
      489.98750000074506,
      512.2151000015438,
      507.6941999979317,
      523.6810000017285,
      520.5076999999583,
      484.0333000011742,
      498.7716000005603,
      500.736400000751,
      496.44229999929667,
      496.10839999839664,
      491.19539999961853,
      510.59810000285506,
      499.6528999991715,
      485.62400000169873,
      500.13910000026226,
      511.96730000153184,
      481.4568999968469,
      501.4971000030637,
      488.5454999990761,
      491.47030000016093,
      511.9053000025451,
      470.11079999804497,
      515.0179999992251,
      498.7039000019431,
      490.1557999998331,
      523.1666000001132,
      473.965799998492,
      501.91030000150204,
      498.59349999949336,
      511.2589000016451,
      493.9501999989152,
      495.9090999998152,
      498.3762000016868,
      496.45580000057817,
      498.5450999997556,
      535.9899999983609,
      466.6994000002742,
      496.41660000011325,
      481.20760000124574,
      490.5362999998033,
      489.3602999970317,
      493.43099999800324,
      496.9602000005543,
      491.0984999984503,
      521.4783000014722,
      519.0966000035405,
      449.24309999868274,
      499.56659999862313,
      491.31949999928474,
      489.0053999982774,
      481.81740000098944,
      492.08460000157356,
      502.0438000001013
    ]
  },
  "erros": []
}