{
  "estado": "RJ3",
  "orgaos": [
    "rim",
    "figado"
  ],
  "insercoes_por_orgao": 32,
  "calls_por_orgao": 32,
  "tempo_total_seg": 25.64,
  "total_transacoes": 128,
  "throughput_tx_s": 4.992,
  "insert_media_ms_por_orgao": {
    "rim": 386.2596687497571,
    "figado": 370.159206249984
  },
  "insert_desvio_ms_por_orgao": {
    "rim": 98.69035510333734,
    "figado": 72.3682333384504
  },
  "call_media_ms_por_orgao": {
    "rim": 412.51339062454645,
    "figado": 369.36867187474854
  },
  "call_desvio_ms_por_orgao": {
    "rim": 186.4237263748607,
    "figado": 86.78349020538553
  },
  "total_media_ms_por_orgao": {
    "rim": 399.3865296871518,
    "figado": 369.76393906236626
  },
  "total_desvio_ms_por_orgao": {
    "rim": 149.7301253957452,
    "figado": 79.9025901991164
  },
  "total_media_ms_global": 384.575234374759,
  "total_desvio_ms_global": 120.91791287732211,
  "create_latencias_ms_por_orgao": {
    "figado": [
      null
    ],
    "rim": [
      null
    ]
  },
  "insert_latencias_ms_por_orgao": {
    "figado": [
      413.95839999988675,
      336.3092000000179,
      320.01709999889135,
      336.2771000005305,
      317.25359999760985,
      488.2822000011802,
      332.4882999993861,
      327.64680000022054,
      219.7051999978721,
      351.19570000097156,
      495.92159999907017,
      476.58549999818206,
      481.03360000252724,
      475.6552999988198,
      479.173599999398,
      313.10830000042915,
      336.3044999986887,
      323.73080000281334,
      330.7327000014484,
      336.90309999883175,
      332.0515999980271,
      331.3957000002265,
      335.87139999866486,
      338.3111000023782,
      333.7791000008583,
      352.9000000022352,
      487.1140999980271,
      332.2879000008106,
      338.7657000012696,
      511.6622000001371,
      330.181099999696,
      328.49210000038147
    ],
    "rim": [
      236.7393999993801,
      331.8458999991417,
      350.9150000028312,
      316.7685000002384,
      329.1634999997914,
      479.9407999999821,
      344.01960000023246,
      322.257199998945,
      729.6173000000417,
      501.21979999914765,
      479.93310000002384,
      480.9369999989867,
      571.1660000011325,
      378.2648999989033,
      476.6836000010371,
      329.5916999988258,
      336.7412000000477,
      327.1689999997616,
      331.8719999976456,
      342.27850000187755,
      327.5531999990344,
      339.506400000304,
      338.8315999992192,
      515.5405000001192,
      320.84569999948144,
      337.936700001359,
      500.92170000076294,
      344.7672999985516,
      332.8170999996364,
      329.56569999828935,
      329.68469999730587,
      345.21480000019073
    ]
  },
  "call_latencias_ms_por_orgao": {
    "figado": [
      344.7554999999702,
      328.2479999996722,
      481.4405000023544,
      366.3715999983251,
      475.6959000006318,
      323.6769999973476,
      478.4574000015855,
      337.0174000002444,
      501.19229999929667,
      499.78610000014305,
      337.5439999997616,
      327.7258999980986,
      328.70629999786615,
      328.1380000002682,
      490.71550000086427,
      365.2180000022054,
      339.5115000009537,
      456.65899999812245,
      240.48339999839664,
      225.86299999803305,
      224.40980000048876,
      224.77019999921322,
      317.62560000270605,
      345.9426000006497,
      325.81990000233054,
      331.02599999681115,
      322.82969999685884,
      343.9067000001669,
      513.2876999974251,
      486.2313999980688,
      329.74250000342727,
      476.9990999996662
    ],
    "rim": [
      485.416400000453,
      496.4420999996364,
      340.0249000005424,
      327.3788999989629,
      470.65399999916553,
      326.34050000086427,
      333.18859999999404,
      344.0705000013113,
      325.56440000236034,
      346.8091000020504,
      498.73880000039935,
      486.13789999857545,
      321.8833999969065,
      338.21299999952316,
      365.55420000106096,
      500.04490000009537,
      1368.1719000004232,
      331.9193000011146,
      340.68779999762774,
      323.28699999675155,
      331.3719999976456,
      504.15560000017285,
      505.2863999977708,
      325.8488999977708,
      331.9577999971807,
      323.8977000005543,
      477.0042000003159,
      334.145300000906,
      444.8205999992788,
      319.71559999883175,
      306.9316999986768,
      324.7650999985635
    ]
  },
  "erros": []
}