{
  "estado": "RJ3",
  "orgaos": [
    "rim",
    "figado"
  ],
  "insercoes_por_orgao": 128,
  "calls_por_orgao": 128,
  "tempo_total_seg": 133.551,
  "total_transacoes": 512,
  "throughput_tx_s": 3.834,
  "insert_media_ms_por_orgao": {
    "rim": 523.1630507812952,
    "figado": 546.3816289063543
  },
  "insert_desvio_ms_por_orgao": {
    "rim": 177.99153306167406,
    "figado": 289.5161038681381
  },
  "call_media_ms_por_orgao": {
    "rim": 503.97823593750945,
    "figado": 496.05654296893044
  },
  "call_desvio_ms_por_orgao": {
    "rim": 42.950733853583245,
    "figado": 56.14000482765313
  },
  "total_media_ms_por_orgao": {
    "rim": 513.5706433594023,
    "figado": 521.2190859376424
  },
  "total_desvio_ms_por_orgao": {
    "rim": 129.82638395276504,
    "figado": 210.04473532838188
  },
  "total_media_ms_global": 517.3948646485223,
  "total_desvio_ms_global": 174.64668640766865,
  "create_latencias_ms_por_orgao": {
    "rim": [
      null
    ],
    "figado": [
      null
    ]
  },
  "insert_latencias_ms_por_orgao": {
    "rim": [
      467.8673000000417,
      496.36920000240207,
      484.1842000000179,
      488.285000000149,
      503.15089999884367,
      490.51969999819994,
      497.55979999899864,
      502.08850000053644,
      490.555300001055,
      551.0363999977708,
      437.9950000010431,
      495.70129999890924,
      515.6829000003636,
      498.29450000077486,
      501.37009999901056,
      507.47350000217557,
      496.6270999982953,
      491.0978999994695,
      502.24059999734163,
      524.737199999392,
      501.53859999775887,
      571.6431000009179,
      511.09989999979734,
      504.7406999990344,
      492.111400000751,
      491.9138999991119,
      493.68470000103116,
      482.59059999883175,
      510.8054000027478,
      467.0938000008464,
      488.9670000001788,
      475.7161999978125,
      503.92929999902844,
      516.1138000003994,
      488.78069999814034,
      523.3090000003576,
      476.4138000011444,
      1311.9758000001311,
      461.5155000016093,
      1530.1018000021577,
      248.11959999799728,
      322.76880000159144,
      472.2927000001073,
      480.2744000032544,
      1990.4801000021398,
      459.3403999991715,
      496.1407000012696,
      479.6541000008583,
      499.9741999991238,
      495.8275999985635,
      484.7192000001669,
      491.2710000015795,
      488.38629999756813,
      508.0315999984741,
      510.99649999663234,
      492.10489999875426,
      482.0312000028789,
      483.7382000014186,
      484.1158000007272,
      498.07749999687076,
      497.52890000119805,
      494.09099999815226,
      449.735300000757,
      495.9965000003576,
      507.6647000014782,
      519.3999999985099,
      293.2872000001371,
      487.3332000002265,
      494.76370000094175,
      487.93010000139475,
      528.5016000010073,
      515.5596999973059,
      503.7951000034809,
      511.73410000279546,
      507.9632999971509,
      495.61930000036955,
      488.0667000003159,
      500.4037000015378,
      491.02170000225306,
      513.9254000000656,
      506.80010000243783,
      507.5687999986112,
      499.9244999997318,
      499.0649000033736,
      521.1882000006735,
      503.18270000070333,
      505.60839999839664,
      498.3858999982476,
      479.8077999986708,
      508.013100001961,
      509.2005999982357,
      514.8941000029445,
      523.0005000010133,
      526.0537000000477,
      490.3290999978781,
      507.62180000171065,
      521.3701000027359,
      518.7016000002623,
      495.78770000115037,
      527.9591999985278,
      509.28360000252724,
      506.7023999989033,
      525.1921999976039,
      510.71050000190735,
      500.9353000000119,
      536.1629000008106,
      506.3310000002384,
      515.8156999982893,
      513.6073000021279,
      514.4312000013888,
      513.1978999972343,
      538.4530999995768,
      499.9902000017464,
      495.1013999991119,
      497.4818999990821,
      512.5428999997675,
      541.7567999996245,
      518.236899998039,
      489.85190000012517,
      512.5591000020504,
      511.4118000008166,
      505.10069999843836,
      527.4725999981165,
      517.3359999991953,
      509.132999997586,
      510.2867999970913,
      529.7935000024736,
      531.9816999994218
    ],
    "figado": [
      468.63230000063777,
      496.5229000002146,
      484.1769999973476,
      487.7518000006676,
      505.7631999999285,
      493.9598000012338,
      491.415900003165,
      499.0147999972105,
      490.8016000017524,
      490.4734000004828,
      507.1295999996364,
      495.7790000028908,
      506.85280000045896,
      506.91360000148416,
      502.64710000157356,
      506.36120000109076,
      497.13870000094175,
      491.04150000214577,
      498.9015999995172,
      519.3372000008821,
      509.95800000056624,
      562.9882000014186,
      516.2716000005603,
      503.1975000016391,
      491.8445000015199,
      491.7829999998212,
      495.62439999729395,
      480.6563000008464,
      512.3095999993384,
      462.2124999985099,
      488.9561000019312,
      483.98460000008345,
      503.8387999981642,
      507.9659000001848,
      492.09569999948144,
      506.5476999990642,
      494.687999997288,
      1315.491099998355,
      3289.202300000936,
      2041.987199999392,
      455.1372999995947,
      503.00319999828935,
      483.8784999996424,
      483.3763999976218,
      516.0898999981582,
      471.63790000230074,
      498.0522999987006,
      494.1200000010431,
      522.1576999984682,
      493.5997000001371,
      489.52050000056624,
      486.39089999720454,
      481.94830000028014,
      487.98719999939203,
      496.033900000155,
      485.68220000341535,
      509.8251000009477,
      448.34479999914765,
      487.4329000003636,
      511.12189999967813,
      865.6187000013888,
      438.3368999995291,
      491.77969999983907,
      484.6304000020027,
      524.6168000027537,
      514.2627999968827,
      519.3969999998808,
      487.6743000000715,
      524.7283000014722,
      499.7749000005424,
      492.29879999905825,
      485.6460000015795,
      499.8872999995947,
      519.9302999973297,
      495.8256999999285,
      519.6189999990165,
      486.9131000004709,
      488.60669999942183,
      524.5736999996006,
      509.6755999997258,
      496.74220000207424,
      507.5138000026345,
      480.33939999714494,
      505.8095999993384,
      517.2645999975502,
      501.3121000006795,
      549.49090000242,
      489.04490000009537,
      520.019999999553,
      489.28519999980927,
      528.0447999984026,
      518.1293999999762,
      504.1697000004351,
      510.6148000024259,
      523.692300003022,
      505.4266000017524,
      515.4620999991894,
      524.1451999992132,
      496.38360000029206,
      534.5244999974966,
      508.2608999982476,
      520.0494999997318,
      507.8598999977112,
      504.21169999986887,
      524.1449000015855,
      535.4623000025749,
      512.6994000002742,
      507.2305999994278,
      480.36679999902844,
      504.7576000019908,
      538.4191999994218,
      522.1024000011384,
      498.88329999893904,
      494.7254000008106,
      512.1970999985933,
      523.8408000022173,
      511.33430000022054,
      508.4332000017166,
      529.0364999994636,
      507.89710000157356,
      519.5296999998391,
      519.902499999851,
      555.8158999979496,
      507.02639999985695,
      508.33040000125766,
      519.8931000009179,
      507.4261000007391,
      558.2412000000477
    ]
  },