{
  "estado": "RJ3",
  "orgaos": [
    "rim"
  ],
  "insercoes_por_orgao": 32,
  "calls_por_orgao": 32,
  "tempo_total_seg": 19.519,
  "total_transacoes": 64,
  "throughput_tx_s": 3.279,
  "insert_media_ms_por_orgao": {
    "rim": 311.35542812524363
  },
  "insert_desvio_ms_por_orgao": {
    "rim": 184.61487638564768
  },
  "call_media_ms_por_orgao": {
    "rim": 296.4276312497677
  },
  "call_desvio_ms_por_orgao": {
    "rim": 193.0766855934458
  },
  "total_media_ms_por_orgao": {
    "rim": 303.8915296875057
  },
  "total_desvio_ms_por_orgao": {
    "rim": 189.04057588572886
  },
  "total_media_ms_global": 303.8915296875057,
  "total_desvio_ms_global": 189.04057588572886,
  "create_latencias_ms_por_orgao": {
    "rim": [
      null
    ]
  },
  "insert_latencias_ms_por_orgao": {
    "rim": [
      230.96649999916553,
      303.62949999794364,
      316.56819999963045,
      328.6992000006139,
      320.71210000291467,
      321.3379000015557,
      320.59810000285506,
      224.32950000092387,
      228.62219999730587,
      222.08599999919534,
      230.2347999997437,
      1235.5445000007749,
      225.61620000004768,
      325.5544999986887,
      543.9098000004888,
      318.41190000250936,
      316.2475000023842,
      321.65609999746084,
      238.6896000020206,
      227.61939999833703,
      228.5219999998808,
      253.58100000023842,
      308.2752999998629,
      221.43889999762177,
      233.2593000009656,
      221.33980000019073,
      225.56410000100732,
      232.4396000020206,
      229.4552000015974,
      225.08219999819994,
      228.6258000023663,
      554.7569999992847
    ]
  },
  "call_latencias_ms_por_orgao": {
    "rim": [
      236.923599999398,
      225.5819000005722,
      222.3826000019908,
      311.15130000188947,
      225.98339999839664,
      221.35920000076294,
      444.29160000011325,
      222.06830000132322,
      220.17559999972582,
      221.2542999982834,
      222.34740000218153,
      250.24420000240207,
      222.33929999917746,
      226.80979999899864,
      228.00409999862313,
      259.64119999855757,
      317.16330000013113,
      226.63409999758005,
      339.1707000024617,
      224.15650000050664,
      222.19839999824762,
      221.76759999990463,
      216.33540000021458,
      220.09999999776483,
      358.45160000026226,
      315.1400999985635,
      1322.9692999981344,
      324.5744000002742,
      320.9087999984622,
      218.94700000062585,
      356.2681999988854,
      320.34099999815226
    ]
  },
  "erros": []
}