{
  "estado": "RJ3",
  "orgaos": [
    "rim",
    "figado",
    "coracao",
    "pulmao"
  ],
  "insercoes_por_orgao": 32,
  "calls_por_orgao": 32,
  "tempo_total_seg": 32.101,
  "total_transacoes": 256,
  "throughput_tx_s": 7.975,
  "insert_media_ms_por_orgao": {
    "rim": 512.5436156254727,
    "figado": 490.44005000020843,
    "coracao": 517.7072406245861,
    "pulmao": 490.77581250073854
  },
  "insert_desvio_ms_por_orgao": {
    "rim": 48.89302656411456,
    "figado": 73.85542143138866,
    "coracao": 39.18337184170124,
    "pulmao": 79.180178047398
  },
  "call_media_ms_por_orgao": {
    "rim": 487.4495875000721,
    "figado": 499.9078781248536,
    "coracao": 477.48651249997783,
    "pulmao": 479.8501000001561
  },
  "call_desvio_ms_por_orgao": {
    "rim": 57.90609802949772,
    "figado": 52.39307671031366,
    "coracao": 72.737836673091,
    "pulmao": 69.14756021520624
  },
  "total_media_ms_por_orgao": {
    "rim": 499.9966015627724,
    "figado": 495.173964062531,
    "coracao": 497.596876562282,
    "pulmao": 485.3129562504473
  },
  "total_desvio_ms_por_orgao": {
    "rim": 55.03861989267269,
    "figado": 64.20466356379319,
    "coracao": 61.785851933121045,
    "pulmao": 74.53378856651496
  },
  "total_media_ms_global": 494.5200996095082,
  "total_desvio_ms_global": 64.51535340100826,
  "create_latencias_ms_por_orgao": {
    "pulmao": [
      null
    ],
    "figado": [
      null
    ],
    "coracao": [
      null
    ],
    "rim": [
      null
    ]
  },
  "insert_latencias_ms_por_orgao": {
    "pulmao": [
      554.6149000003934,
      548.5854000002146,
      550.3139999993145,
      564.499200001359,
      485.1766000017524,
      520.0725999996066,
      507.93470000103116,
      492.93350000306964,
      545.9934999980032,
      537.845900002867,
      561.0269000008702,
      490.75659999996424,
      324.0197999998927,
      540.0918000005186,
      520.7939000017941,
      482.9568000026047,
      497.3280999995768,
      327.17030000314116,
      381.77340000122786,
      357.81309999898076,
      535.8449000008404,
      483.0362999998033,
      519.4232000000775,
      533.6052000001073,
      578.9832000024617,
      286.29280000180006,
      345.4112999998033,
      488.9287000000477,
      537.910000000149,
      524.6915000006557,
      510.5856000036001,
      568.4122999981046
    ],
    "figado": [
      550.2423000000417,
      559.3261000029743,
      540.5965000018477,
      563.5903999991715,
      494.1343000009656,
      514.3704999983311,
      505.93769999966025,
      487.31439999863505,
      384.7415000014007,
      530.4061000011861,
      556.6810000017285,
      507.8282000012696,
      329.70210000127554,
      492.14460000023246,
      553.6984999999404,
      484.6929999999702,
      510.9287000000477,
      327.9395000003278,
      542.1623000018299,
      510.1563000008464,
      525.8566999994218,
      484.4244999997318,
      521.1169999986887,
      563.1240999996662,
      552.93219999969,
      305.8923000022769,
      334.98029999807477,
      502.3995999991894,
      523.4990000016987,
      516.3112000003457,
      516.3769999966025,
      400.57369999960065
    ],
    "coracao": [
      549.0377999991179,
      550.4298000000417,
      558.7280000001192,
      554.4726999998093,
      485.0861000008881,
      521.6666000001132,
      502.2001999989152,
      497.20030000060797,
      548.5951000005007,
      546.9930000007153,
      551.4986000023782,
      493.4817000031471,
      504.9945999979973,
      535.881400000304,
      487.5383999980986,
      528.3475999981165,
      475.535000000149,
      542.2009999975562,
      505.80290000140667,
      529.8251000009477,
      484.3728999979794,
      529.4594000019133,
      556.7195000015199,
      562.1850999966264,
      461.8703999966383,
      495.9941999986768,
      541.1134999990463,
      515.4943000003695,
      520.0782999992371,
      559.7353999987245,
      363.4525999985635,
      506.640199996531
    ],
    "rim": [
      544.0375000014901,
      563.6521000005305,
      540.3092000000179,
      563.8788000009954,
      495.47410000115633,
      523.0005999989808,
      498.4754000008106,
      498.528599999845,
      540.077500000596,
      541.7800000011921,
      557.2254000008106,
      494.9880999997258,
      508.4340000003576,
      532.5547000020742,
      491.00189999863505,
      520.0004000030458,
      486.4825999997556,
      536.5313999988139,
      508.9965000003576,
      524.5126000009477,
      479.26379999890924,
      528.7967999987304,
      561.7598000019789,
      558.2162000015378,
      466.8843000009656,
      351.6449000015855,
      498.749699998647,
      507.8969999998808,
      528.1021000035107,
      555.3070999979973,
      353.0557000003755,
      541.7769000008702
    ]
  },
  "call_latencias_ms_por_orgao": {
    "pulmao": [
      544.3247999995947,
      472.5608999989927,
      481.230499997735,
      485.09270000085235,
      501.5025999993086,
      488.0404000021517,
      552.896700002253,
      337.9522999972105,
      447.8872999995947,
      353.5920000001788,
      507.3504000008106,
      507.7558000013232,
      513.180300001055,
      342.9945000000298,
      406.6436999998987,
      312.8328999988735,
      333.05130000039935,
      545.0727999992669,
      525.8408000022173,
      547.826400000602,
      527.227800000459,
      524.7859000004828,
      524.340799998492,
      529.943900000304,
      537.394200000912,
      524.882199998945,
      472.0714000016451,
      522.4169000014663,
      516.451400000602,
      462.94529999792576,
      504.18679999932647,
      500.92750000208616
    ],
    "figado": [
      548.6053999997675,
      476.0806999988854,
      482.6807000003755,
      477.2399000003934,
      507.9418000020087,
      488.0003999993205,
      563.2879000008106,
      461.7336000017822,
      497.9861999973655,
      500.69820000231266,
      523.9602999985218,
      566.8021999970078,
      451.1075999997556,
      555.6961000002921,
      311.49040000140667,
      356.78949999809265,
      538.5193000026047,
      521.8768000006676,
      547.5485000014305,
      528.5916999988258,
      525.1563999988139,
      530.1901999972761,
      520.7126999981701,
      536.3211999982595,
      529.0843000002205,
      467.1955000013113,
      523.853100001812,
      498.3740999996662,
      485.5459000021219,
      497.95419999957085,
      503.91829999908805,
      472.1089999973774
    ],
    "coracao": [
      491.3889999985695,
      478.88580000028014,
      501.1951000019908,
      486.2601999975741,
      548.9277999997139,
      305.0413000024855,
      479.14340000227094,
      337.5554000027478,
      496.9762999974191,
      532.2287999987602,
      558.7857000008225,
      294.6884000003338,
      332.32199999690056,
      391.6304999999702,
      495.65900000184774,
      354.0075999982655,
      529.2247999981046,
      546.7994000017643,
      524.9448000006378,
      519.9010999985039,
      535.7158000022173,
      517.2886999994516,
      549.1134000010788,
      520.0938000008464,
      512.4538000002503,
      490.8830000013113,
      505.2006999999285,
      486.18559999763966,
      487.73369999974966,
      505.2406999990344,
      484.0412999987602,
      480.0515000000596
    ],