{
  "estado": "RJ3",
  "orgaos": [
    "rim"
  ],
  "insercoes_por_orgao": 128,
  "calls_por_orgao": 128,
  "tempo_total_seg": 101.216,
  "total_transacoes": 256,
  "throughput_tx_s": 2.529,
  "insert_media_ms_por_orgao": {
    "rim": 346.2324148436892
  },
  "insert_desvio_ms_por_orgao": {
    "rim": 206.64471258953057
  },
  "call_media_ms_por_orgao": {
    "rim": 443.75321718721534
  },
  "call_desvio_ms_por_orgao": {
    "rim": 439.09775407091047
  },
  "total_media_ms_por_orgao": {
    "rim": 394.99281601545226
  },
  "total_desvio_ms_por_orgao": {
    "rim": 346.60065516108745
  },
  "total_media_ms_global": 394.99281601545226,
  "total_desvio_ms_global": 346.60065516108745,
  "create_latencias_ms_por_orgao": {
    "rim": [
      null
    ]
  },
  "insert_latencias_ms_por_orgao": {
    "rim": [
      234.06439999863505,
      311.3894000016153,
      323.1713999994099,
      318.2799999974668,
      310.3167999982834,
      563.9691000021994,
      308.1482000015676,
      315.958599999547,
      319.69539999961853,
      312.625300001353,
      316.2325999997556,
      312.64680000022054,
      305.3716000020504,
      228.39139999821782,
      241.1981000006199,
      224.3184999972582,
      220.61920000240207,
      333.31390000134706,
      322.2787000015378,
      317.14680000022054,
      321.6528999991715,
      319.4362999983132,
      318.6346000023186,
      327.0049999989569,
      229.23790000006557,
      320.22320000082254,
      323.70040000230074,
      323.99430000036955,
      321.7496000006795,
      319.4657000005245,
      332.6143999993801,
      316.8390000015497,
      237.0463999994099,
      244.81240000203252,
      263.027499999851,
      231.01489999890327,
      221.7575999982655,
      225.75909999758005,
      318.4091999977827,
      316.89259999990463,
      228.36419999971986,
      1283.3979000002146,
      1330.1572999991477,
      238.62520000338554,
      225.35500000044703,
      226.4177000001073,
      235.73640000075102,
      354.49300000071526,
      328.6162000000477,
      313.86050000041723,
      332.4404999986291,
      233.64429999887943,
      231.1469000019133,
      230.14420000091195,
      225.89720000326633,
      407.4624000005424,
      1336.5049000009894,
      304.71469999849796,
      1327.3876000009477,
      227.94189999997616,
      328.0613000020385,
      321.3601999990642,
      337.14849999919534,
      332.8792000003159,
      233.87890000268817,
      233.51159999892116,
      225.78689999878407,
      235.18569999933243,
      322.3487999998033,
      320.73089999705553,
      246.04629999771714,
      378.882999997586,
      318.37560000270605,
      323.9046000018716,
      322.09430000185966,
      568.7963999994099,
      324.4783999994397,
      317.33249999955297,
      227.9256999976933,
      230.25919999927282,
      239.95320000126958,
      1342.899500001222,
      306.8467999994755,
      315.4059000015259,
      510.2651000022888,
      314.7613999992609,
      330.5262999981642,
      326.7098000012338,
      330.1929000020027,
      338.4523000009358,
      331.6688000001013,
      331.019500002265,
      333.1435000002384,
      503.16029999777675,
      327.72570000216365,
      228.67929999902844,
      343.3394000008702,
      262.9611000008881,
      331.7905000001192,
      333.60249999910593,
      326.20209999755025,
      329.41739999875426,
      329.1920999996364,
      326.783400002867,
      326.1647999994457,
      304.229699999094,
      318.5313000008464,
      339.2853999994695,
      322.4872999973595,
      236.590799998492,
      479.58809999749064,
      284.0388999991119,
      258.80929999798536,
      254.2634999975562,
      230.01129999756813,
      237.1992999985814,
      343.6420000009239,
      337.007999997586,
      330.3282000012696,
      323.30209999904037,
      340.00999999791384,
      324.0936999991536,
      331.5013999976218,
      328.6237999983132,
      326.0666000023484,
      328.49599999934435,
      342.9840000011027,
      332.0896000005305
    ]
  },
  "call_latencias_ms_por_orgao": {
    "rim": [
      333.6071999967098,
      1332.2675999999046,
      243.81749999895692,
      330.2275000028312,
      336.8970999978483,
      335.3640999980271,
      336.0439999997616,
      330.6380000002682,
      321.4814999997616,
      349.0008000023663,
      328.6470999978483,
      232.99650000035763,
      533.0951000005007,
      243.42599999904633,
      332.64849999919534,
      1352.00379999727,
      334.9578999988735,
      327.9847000017762,
      342.8289999999106,
      338.28519999980927,
      323.07959999889135,
      336.17129999771714,
      2289.963599998504,
      2270.857200000435,
      2601.0573999993503,
      1248.486099999398,
      2340.5041000023484,
      1306.957800000906,
      1340.0918000005186,
      242.7072999998927,
      331.76759999990463,
      1337.2950999997556,
      683.7820999994874,
      304.9328000023961,
      331.7795000001788,
      311.26830000057817,
      332.93259999901056,
      328.1279000006616,
      326.49089999869466,
      323.6850999966264,
      1331.6738999970257,
      283.2127000018954,
      317.71429999917746,
      239.51319999992847,
      232.6545000001788,
      233.75569999963045,
      269.5548000000417,
      338.13919999822974,
      232.77560000121593,
      342.58850000053644,
      319.3555999994278,
      318.6042999997735,
      234.58980000019073,
      235.74049999937415,
      344.8852000012994,
      1395.3719999976456,
      323.2936000004411,
      331.94189999997616,
      319.01719999685884,
      253.92839999869466,
      322.8717000000179,
      324.2652999982238,
      327.6734999977052,
      330.7292999997735,
      234.44989999756217,
      383.30130000039935,
      327.51710000261664,
      327.57290000095963,
      322.12519999966025,
      357.0645999982953,
      294.80309999734163,
      318.4122000001371,
      321.8394999988377,
      1312.6644000001252,
      317.617000002414,
      326.10190000012517,
      335.73790000006557,
      309.0408999994397,
      326.5362000018358,
      327.7039999999106,
      323.6899999976158,
      324.19409999996424,
      559.4156999997795,
      321.26329999789596,
      326.9479999989271,
      328.1196000017226,
      344.6158000007272,
      304.506400000304,
      325.24469999969006,
      334.05379999801517,
      326.9825999997556,
      235.11470000073314,
      231.12449999898672,
      232.1605000011623,
      226.0405000001192,
      321.7813000008464,
      320.99730000272393,
      343.19360000267625,
      294.6075999997556,
      325.6119000017643,
      321.58509999886155,
      323.5024999976158,
      338.64750000089407,
      320.6713999994099,
      320.1158000007272,
      326.9287000000477,
      318.22439999878407,
      318.04160000011325,
      323.92710000276566,
      348.0381000004709,
      315.29450000077486,
      320.4615000002086,
      229.8251999989152,
      222.29230000078678,
      234.94159999862313,
      227.96429999917746,
      218.4742999970913,
      226.57529999688268,
      279.9563999995589,
      226.55889999866486,
      242.5,
      226.47709999978542,
      237.59400000050664,
      224.77129999920726,
      220.18809999898076,
      227.38999999687076,
      218.74480000138283,
      216.55810000002384
    ]
  },
  "erros": []
}