{
  "estado": "RJ3",
  "orgaos": [
    "rim"
  ],
  "insercoes_por_orgao": 64,
  "calls_por_orgao": 64,
  "tempo_total_seg": 43.456,
  "total_transacoes": 128,
  "throughput_tx_s": 2.945,
  "insert_media_ms_por_orgao": {
    "rim": 331.7825203122338
  },
  "insert_desvio_ms_por_orgao": {
    "rim": 195.13727617438718
  },
  "call_media_ms_por_orgao": {
    "rim": 345.97315468714805
  },
  "call_desvio_ms_por_orgao": {
    "rim": 185.13982872398785
  },
  "total_media_ms_por_orgao": {
    "rim": 338.87783749969094
  },
  "total_desvio_ms_por_orgao": {
    "rim": 190.33654376483761
  },
  "total_media_ms_global": 338.87783749969094,
  "total_desvio_ms_global": 190.33654376483761,
  "create_latencias_ms_por_orgao": {
    "rim": [
      null
    ]
  },
  "insert_latencias_ms_por_orgao": {
    "rim": [
      234.26130000129342,
      320.1642999984324,
      223.50530000030994,
      1237.637000001967,
      328.33349999785423,
      319.5782000012696,
      317.92210000008345,
      563.0467999987304,
      309.02129999920726,
      554.5685000009835,
      320.92720000073314,
      343.56740000098944,
      593.9145999997854,
      268.66579999774694,
      319.0345999971032,
      314.5680999979377,
      221.52650000154972,
      318.3463000021875,
      225.8286000005901,
      256.84050000086427,
      304.908900000155,
      324.0747999995947,
      321.7976999990642,
      319.8936999998987,
      319.7393999993801,
      223.67700000107288,
      327.98790000006557,
      338.66490000113845,
      305.2634999975562,
      317.5839999988675,
      226.66660000011325,
      225.3230000026524,
      224.06689999997616,
      223.3808999992907,
      342.4189000017941,
      319.2102000005543,
      233.99389999732375,
      220.9053999967873,
      221.9045000001788,
      221.77340000122786,
      233.04160000011325,
      316.77340000122786,
      323.25319999828935,
      231.60719999670982,
      335.9721000008285,
      329.56060000136495,
      273.9864999987185,
      230.99479999765754,
      243.9358000010252,
      238.7030999995768,
      314.4657000005245,
      317.63109999895096,
      233.65569999814034,
      230.2208999991417,
      235.16860000044107,
      226.8492999970913,
      1287.8285999968648,
      227.3740999996662,
      324.17630000039935,
      319.5718999989331,
      314.1402000002563,
      828.0144000016153,
      230.4113999977708,
      232.25140000134706
    ]
  },
  "call_latencias_ms_por_orgao": {
    "rim": [
      226.50270000100136,
      342.1233999989927,
      330.07409999892116,
      1379.0909999981523,
      298.28449999913573,
      321.30510000139475,
      329.60539999976754,
      1258.6097999997437,
      302.14000000059605,
      317.39589999988675,
      328.5571000017226,
      320.40939999744296,
      222.60370000079274,
      231.4177000001073,
      248.69139999896288,
      231.39369999989867,
      233.14589999988675,
      316.39380000159144,
      252.95219999924302,
      363.56019999831915,
      324.416899997741,
      356.7128999978304,
      311.5317000001669,
      319.7930999994278,
      317.917199999094,
      325.83049999922514,
      324.26920000091195,
      326.83929999917746,
      320.45969999954104,
      569.3286999985576,
      571.9587999992073,
      325.6626000031829,
      330.3035999983549,
      332.3596999980509,
      309.3619999997318,
      322.2318999990821,
      353.09219999983907,
      346.8872999995947,
      292.06650000065565,
      318.9418000020087,
      321.43180000036955,
      226.472500000149,
      221.69109999760985,
      219.13150000199676,
      228.05599999800324,
      335.9540999978781,
      333.90269999951124,
      313.6985999979079,
      330.04500000178814,
      279.9091999977827,
      331.5295999981463,
      322.95540000125766,
      318.43649999797344,
      339.79199999943376,
      316.7148999981582,
      323.1643000021577,
      319.2322000004351,
      324.42960000038147,
      321.20549999922514,
      231.7774000018835,
      362.9345999993384,
      322.9426000006497,
      316.0832000002265,
      326.56899999827147
    ]
  },
  "erros": []
}