{
  "estado": "RJ3",
  "orgaos": [
    "rim",
    "figado",
    "coracao",
    "pulmao"
  ],
  "insercoes_por_orgao": 64,
  "calls_por_orgao": 64,
  "tempo_total_seg": 64.564,
  "total_transacoes": 512,
  "throughput_tx_s": 7.93,
  "insert_media_ms_por_orgao": {
    "rim": 511.78051875007804,
    "figado": 495.3084578126436,
    "coracao": 495.3833156248438,
    "pulmao": 503.29151406214805
  },
  "insert_desvio_ms_por_orgao": {
    "rim": 41.41754728238788,
    "figado": 64.89388327147827,
    "coracao": 65.4376130205935,
    "pulmao": 55.97833853933682
  },
  "call_media_ms_por_orgao": {
    "rim": 495.5642765624798,
    "figado": 491.3798890625476,
    "coracao": 493.98002968751825,
    "pulmao": 497.0315109375515
  },
  "call_desvio_ms_por_orgao": {
    "rim": 65.12910545186175,
    "figado": 77.89235368459748,
    "coracao": 68.46933680331325,
    "pulmao": 71.15143305154143
  },
  "total_media_ms_por_orgao": {
    "rim": 503.6723976562789,
    "figado": 493.3441734375956,
    "coracao": 494.68167265618104,
    "pulmao": 500.1615124998498
  },
  "total_desvio_ms_por_orgao": {
    "rim": 55.17561442880353,
    "figado": 71.71524131867226,
    "coracao": 66.97430808089563,
    "pulmao": 64.09249031857229
  },
  "total_media_ms_global": 497.96493906247633,
  "total_desvio_ms_global": 64.90446990551371,
  "create_latencias_ms_por_orgao": {
    "figado": [
      null
    ],
    "coracao": [
      null
    ],
    "pulmao": [
      null
    ],
    "rim": [
      null
    ]
  },
  "insert_latencias_ms_por_orgao": {
    "figado": [
      537.6509999968112,
      529.5663999989629,
      535.6964999996126,
      535.8029000014067,
      497.9648999981582,
      554.1612000018358,
      525.4147999994457,
      500.5738999992609,
      531.7647999972105,
      371.86880000308156,
      503.7791999988258,
      535.7946000024676,
      509.5868999995291,
      523.8332000002265,
      502.23339999839664,
      529.8291000016034,
      514.036599997431,
      515.840300001204,
      517.4545000009239,
      504.14499999955297,
      517.963400002569,
      523.7569999992847,
      525.4451000019908,
      510.7960000000894,
      328.8036000020802,
      517.5465000011027,
      522.9846000000834,
      519.4160000011325,
      499.6372999995947,
      330.5011999979615,
      485.00310000032187,
      358.847500000149,
      535.5436000004411,
      523.9772999994457,
      529.4761000014842,
      541.542500000447,
      536.0153999999166,
      523.9378999993205,
      537.6605000011623,
      516.0951999984682,
      564.0916999988258,
      485.6428000032902,
      505.8121000006795,
      333.76999999955297,
      534.1658999994397,
      530.9358999989927,
      521.6353000029922,
      533.2215000018477,
      525.1902999989688,
      336.3239000029862,
      534.5095999985933,
      554.6663999967277,
      521.2210000008345,
      518.9614000022411,
      394.2952000014484,
      293.53400000184774,
      455.53239999711514,
      464.69189999997616,
      517.3662000000477,
      347.51830000057817,
      519.6140000000596,
      492.8644999973476,
      494.8964999988675,
      557.3327000029385
    ],
    "coracao": [
      537.5293000005186,
      530.8418000005186,
      528.1015000008047,
      543.6768999993801,
      502.2103000022471,
      543.3657999970019,
      527.827199999243,
      501.86300000175834,
      411.69649999961257,
      289.2393999993801,
      545.0034999996424,
      525.8477999977767,
      513.959699999541,
      502.3390000015497,
      524.8718999996781,
      504.54589999839664,
      522.5995000004768,
      521.3328999988735,
      523.5740999989212,
      507.50359999760985,
      506.57120000198483,
      529.8073000013828,
      520.3603999987245,
      514.4875999987125,
      343.45199999958277,
      513.3649000003934,
      535.79810000211,
      502.6013999991119,
      524.6168999969959,
      475.9574000015855,
      306.23590000346303,
      343.73919999971986,
      542.8471000008285,
      538.0310999974608,
      517.6304999999702,
      538.3141000010073,
      532.5764999985695,
      535.3585000000894,
      524.5342999994755,
      527.3484000004828,
      531.0062999986112,
      532.2661000005901,
      512.63939999789,
      330.03789999708533,
      540.7737999968231,
      522.4317000024021,
      526.0452000014484,
      526.2554999999702,
      534.4105000011623,
      490.5613000020385,
      352.2247000001371,
      546.1044999994338,
      519.9461999982595,
      534.5190000012517,
      347.33509999886155,
      366.9384000003338,
      452.1213000006974,
      456.4831999987364,
      526.9093000032008,
      505.36979999765754,
      514.584699999541,
      489.79630000144243,
      507.2842999994755,
      556.9252999983728
    ],
    "pulmao": [
      534.9898999966681,
      539.8972999975085,
      523.0945000015199,
      540.6746000014246,
      494.4539999999106,
      557.1844999976456,
      523.0543999969959,
      500.6050999984145,
      534.187800001353,
      555.4747999981046,
      509.2935000024736,
      519.8427000008523,
      514.834399998188,
      527.2873999997973,
      497.67119999974966,
      521.5341999977827,
      517.8291999995708,
      519.9901000000536,
      509.8318000026047,
      506.7338999994099,
      530.8042999990284,
      528.7280000001192,
      512.6760999970138,
      494.3847000002861,
      342.0722000002861,
      519.6996999979019,
      512.5180999971926,
      515.4050000011921,
      500.0705000013113,
      332.054999999702,
      320.15019999817014,
      539.3300999999046,
      536.0043999999762,
      526.50909999758,
      531.4041999988258,
      535.5224999971688,
      542.2470999993384,
      525.2817000001669,
      512.3758000023663,
      538.1088999994099,
      529.873100001365,
      522.8548000007868,
      489.7872000001371,
      542.2633999995887,
      522.9558000005782,
      518.783100001514,
      528.0322999991477,
      542.9340000003576,
      491.4722000025213,
      538.3981999978423,
      545.2696000002325,
      521.7592999972403,
      517.6914999969304,
      538.3797000013292,
      305.04879999905825,
      443.0650000013411,
      504.8598999977112,
      491.8297000005841,
      353.6343000009656,
      522.8497000001371,
      493.05719999969006,
      501.1655999980867,
      393.84350000321865,
      507.03610000014305
    ],