{
  "estado": "ES",
  "orgaos": [
    "rim",
    "figado"
  ],
  "transacoes_por_orgao": 64,
  "tempo_total_seg": 53.849,
  "total_transacoes": 129,
  "throughput_tx_s": 2.396,
  "latencia_media_transfer_ms_por_orgao": {
    "rim": 837.1689765623887,
    "figado": 444.02726562478347
  },
  "create_latencias_ms_por_orgao": {
    "figado": [
      173.7562999986112
    ],
    "rim": [
      null
    ]
  },
  "transfer_latencias_ms_por_orgao": {
    "figado": [
      272.25319999828935,
      350.55049999803305,
      268.02140000090003,
      327.3086000010371,
      272.56140000000596,
      315.5862000025809,
      333.72229999676347,
      334.9696999974549,
      286.6968000009656,
      352.6895999982953,
      307.5388999991119,
      301.38459999859333,
      314.8526999987662,
      332.49300000071526,
      336.1761999987066,
      355.4290999993682,
      356.26919999718666,
      336.3273999989033,
      359.15179999917746,
      336.53399999812245,
      368.87310000136495,
      360.9125999994576,
      376.30590000003576,
      404.17760000005364,
      391.5671999976039,
      385.1187000013888,
      399.9268999993801,
      414.79410000145435,
      417.0604999996722,
      424.3799999989569,
      566.577500000596,
      412.74439999833703,
      474.5219000019133,
      538.1997999995947,
      460.48369999974966,
      497.8779000006616,
      550.1752999983728,
      444.37820000201464,
      448.20890000090003,
      552.2397999987006,
      459.679999999702,
      440.68849999830127,
      464.27140000090003,
      483.2613000012934,
      571.6749999970198,
      509.0923999994993,
      496.28730000182986,
      547.1275999993086,
      489.2648000009358,
      571.2426000013947,
      556.2666000016034,
      525.2104999981821,
      529.7584000006318,
      539.1929000020027,
      516.3500999994576,
      542.4338000006974,
      563.2736999988556,
      579.2883000001311,
      598.1517999991775,
      554.4046000018716,
      720.6781999990344,
      581.7547999992967,
      620.0096000023186,
      619.3401999995112
    ],
    "rim": [
      592.5313000008464,
      593.2034999988973,
      613.4516000002623,
      633.5751999989152,
      614.3660000003874,
      659.6880000010133,
      624.2987999990582,
      695.4484999999404,
      695.5240999981761,
      676.168299999088,
      697.1853000000119,
      744.2005000002682,
      784.0111000016332,
      815.9398000016809,
      789.0817999988794,
      673.4136999994516,
      757.0023999996483,
      677.4283999986947,
      790.6006000004709,
      715.2475000023842,
      746.7252999991179,
      684.2919999994338,
      881.2408999986947,
      819.7269000001252,
      731.9980999976397,
      805.682699996978,
      725.4849000014365,
      853.944200001657,
      759.1343999989331,
      837.8685000017285,
      769.1243000030518,
      847.3191999979317,
      763.1904999986291,
      879.3033999986947,
      792.936899997294,
      781.4946000017226,
      918.3980999998748,
      836.8513999991119,
      790.1777000017464,
      782.6173000000417,
      879.6365000009537,
      802.9329000003636,
      898.4025999978185,
      869.7594000026584,
      1289.050300002098,
      1276.5243999995291,
      962.5049000009894,
      1326.0744000002742,
      1063.7230000011623,
      830.9087999984622,
      852.9609999991953,
      846.3341999985278,
      876.9527999982238,
      917.7137000001967,
      881.9123999997973,
      911.1086999997497,
      926.4523000009358,
      916.6213999986649,
      985.7641000002623,
      1084.7835000008345,
      1009.1079000011086,
      1076.5427000001073,
      1250.196899998933,
      992.9679999984801
    ]
  },
  "erros": []
}